word_length,anagram_count,words
3,5,ATE,EAT,ETA,TAE,TEA
3,4,ASP,PAS,SAP,SPA
3,3,ALB,BAL,LAB
3,3,ALP,LAP,PAL
3,3,AMP,MAP,PAM
3,3,APT,PAT,TAP
3,3,ARE,EAR,ERA
3,3,ARM,MAR,RAM
3,3,ART,RAT,TAR
3,3,CHI,HIC,ICH
3,3,DEL,ELD,LED
3,3,DOS,ODS,SOD
3,3,DUO,OUD,UDO
3,3,ERS,RES,SER
3,3,ETH,HET,THE
3,3,ISM,MIS,SIM
3,3,ITS,SIT,TIS
3,3,KOA,OAK,OKA
3,3,NOS,ONS,SON
3,3,NOW,OWN,WON
3,3,NUS,SUN,UNS
3,3,OPT,POT,TOP
3,3,ORT,ROT,TOR
3,3,PAY,PYA,YAP
3,3,PIS,PSI,SIP
3,3,PUS,SUP,UPS
3,3,RAY,RYA,YAR
3,3,TAW,TWA,WAT
3,3,TOW,TWO,WOT
4,8,ATES,EAST,EATS,ETAS,SATE,SEAT,SETA,TEAS
4,7,ARES,ARSE,EARS,ERAS,RASE,SEAR,SERA
4,6,ARIL,LAIR,LIAR,LIRA,RAIL,RIAL
4,6,OPTS,POST,POTS,SPOT,STOP,TOPS
4,6,STAW,SWAT,TAWS,TWAS,WAST,WATS
4,6,STOW,SWOT,TOWS,TWOS,WOST,WOTS
4,5,ALES,LASE,LEAS,SALE,SEAL
4,5,ALPS,LAPS,PALS,SALP,SLAP
4,5,ALTS,LAST,LATS,SALT,SLAT
4,5,AMEN,MANE,MEAN,NAME,NEMA
4,5,APER,PARE,PEAR,RAPE,REAP
4,5,APES,APSE,PASE,PEAS,SPAE
4,5,ARTS,RATS,STAR,TARS,TSAR
4,5,AWNS,SAWN,SNAW,SWAN,WANS
4,5,DEER,DERE,DREE,REDE,REED
4,5,DEIL,DELI,DIEL,IDLE,LIED
4,5,DIET,DITE,EDIT,TIDE,TIED
4,5,EATH,HAET,HATE,HEAT,THAE
4,5,EONS,NOES,NOSE,ONES,SONE
4,5,EROS,ORES,ROES,ROSE,SORE
4,5,HIST,HITS,SHIT,SITH,THIS
4,5,HOST,HOTS,SHOT,SOTH,TOSH
4,5,LATE,TAEL,TALE,TEAL,TELA
4,5,LAVE,LEVA,VALE,VEAL,VELA
4,5,LIST,LITS,SILT,SLIT,TILS
4,5,MATE,MEAT,META,TAME,TEAM
4,5,NOWS,OWNS,SNOW,SOWN,WONS
4,5,PART,PRAT,RAPT,TARP,TRAP
4,5,RUES,RUSE,SUER,SURE,USER
4,4,ABET,BATE,BEAT,BETA
4,4,ACTS,CAST,CATS,SCAT
4,4,AERY,EYRA,YARE,YEAR
4,4,AIDS,DAIS,SADI,SAID
4,4,ALBS,BALS,LABS,SLAB
4,4,ALEF,FEAL,FLEA,LEAF
4,4,ALIT,LATI,TAIL,TALI
4,4,ALME,LAME,MALE,MEAL
4,4,AMPS,MAPS,PAMS,SAMP
4,4,ASPS,PASS,SAPS,SPAS
4,4,AYES,EASY,EYAS,YEAS
4,4,BARD,BRAD,DARB,DRAB
4,4,BAST,BATS,STAB,TABS
4,4,BUST,BUTS,STUB,TUBS
4,4,CION,COIN,CONI,ICON
4,4,DALE,DEAL,LADE,LEAD
4,4,DENS,ENDS,SEND,SNED
4,4,DOOR,ODOR,ORDO,ROOD
4,4,EARL,LEAR,RALE,REAL
4,4,EELS,ELSE,LEES,SEEL
4,4,EMIT,ITEM,MITE,TIME
4,4,ENOL,LENO,LONE,NOEL
4,4,EPOS,OPES,PESO,POSE
4,4,ERGO,GOER,GORE,OGRE
4,4,EVIL,LIVE,VEIL,VILE
4,4,GAST,GATS,STAG,TAGS
4,4,GNUS,GUNS,SNUG,SUNG
4,4,GUSH,HUGS,SUGH,UGHS
4,4,HINS,HISN,SHIN,SINH
4,4,HIPS,PHIS,PISH,SHIP
4,4,HOPS,POSH,SHOP,SOPH
4,4,HUTS,SHUT,THUS,TUSH
4,4,INKS,KINS,SINK,SKIN
4,4,IRES,REIS,RISE,SIRE
4,4,KARN,KNAR,NARK,RANK
4,4,KOAS,OAKS,OKAS,SOAK
4,4,LEAP,PALE,PEAL,PLEA
4,4,LIER,LIRE,RIEL,RILE
4,4,LINO,LION,LOIN,NOIL
4,4,LOSE,OLES,SLOE,SOLE
4,4,MAES,MESA,SAME,SEAM
4,4,MUST,MUTS,SMUT,STUM
4,4,NAPE,NEAP,PANE,PEAN
4,4,NAPS,PANS,SNAP,SPAN
4,4,NEST,NETS,SENT,TENS
4,4,NIPA,PAIN,PIAN,PINA
4,4,NIPS,PINS,SNIP,SPIN
4,4,NOPE,OPEN,PEON,PONE
4,4,OARS,OSAR,SOAR,SORA
4,4,OAST,OATS,STOA,TAOS
4,4,OILS,SILO,SOIL,SOLI
4,4,ORTS,ROTS,SORT,TORS
4,4,PARS,RAPS,RASP,SPAR
4,4,PAST,PATS,SPAT,TAPS
4,4,PATE,PEAT,TAPE,TEPA
4,4,PAWS,SWAP,WAPS,WASP
4,4,PAYS,PYAS,SPAY,YAPS
4,4,PEST,PETS,SEPT,STEP
4,4,RATO,ROTA,TARO,TORA
4,4,RIOT,TIRO,TORI,TRIO
4,4,RYOT,TORY,TROY,TYRO
4,4,STEW,TEWS,WEST,WETS
4,3,ABED,BADE,BEAD
4,3,ABLE,BALE,BLAE
4,3,ABUT,TABU,TUBA
4,3,ACED,CADE,DACE
4,3,ACID,CADI,CAID
4,3,ACME,CAME,MACE
4,3,ACRE,CARE,RACE
4,3,ACYL,CLAY,LACY
4,3,AGED,EGAD,GAED
4,3,AGER,GEAR,RAGE
4,3,AGES,GAES,SAGE
4,3,AHEM,HAEM,HAME
4,3,AILS,SAIL,SIAL
4,3,AIMS,AMIS,SIMA
4,3,AINS,ANIS,SAIN
4,3,AIRN,RAIN,RANI
4,3,ALIF,FAIL,FILA
4,3,ALMS,LAMS,SLAM
4,3,ALTO,LOTA,TOLA
4,3,AMIN,MAIN,MINA
4,3,AMIR,MAIR,RAMI
4,3,ANEW,WANE,WEAN
4,3,ANIL,LAIN,NAIL
4,3,ANKH,HANK,KHAN
4,3,ANTE,ETNA,NEAT
4,3,ARCS,CARS,SCAR
4,3,ARMS,MARS,RAMS
4,3,ASHY,HAYS,SHAY
4,3,AULD,DUAL,LAUD
4,3,AVER,RAVE,VERA
4,3,AVES,SAVE,VASE
4,3,AWLS,LAWS,SLAW
4,3,AWNY,WANY,YAWN
4,3,BARE,BEAR,BRAE
4,3,BINS,NIBS,SNIB
4,3,BOLO,LOBO,OBOL
4,3,BRAG,GARB,GRAB
4,3,BUNS,NUBS,SNUB
4,3,CAMS,MACS,SCAM
4,3,CEDI,DICE,ICED
4,3,COAL,COLA,LOCA
4,3,COIF,FICO,FOCI
4,3,COST,COTS,SCOT
4,3,CUDS,DUCS,SCUD
4,3,CUPS,CUSP,SCUP
4,3,DAHS,DASH,SHAD
4,3,DAME,MADE,MEAD
4,3,DARE,DEAR,READ
4,3,DARN,NARD,RAND
4,3,DART,DRAT,TRAD
4,3,DATO,DOAT,TOAD
4,3,DEEM,DEME,MEED
4,3,DELS,ELDS,SLED
4,3,DEMO,DOME,MODE
4,3,DIES,IDES,SIDE
4,3,DIOL,IDOL,LIDO
4,3,DIRE,IRED,RIDE
4,3,DISK,KIDS,SKID
4,3,DIVE,VIDE,VIED
4,3,DOER,REDO,RODE
4,3,DOES,DOSE,ODES
4,3,DOLS,OLDS,SOLD
4,3,DORP,DROP,PROD
4,3,DORS,RODS,SORD
4,3,DOST,DOTS,TODS
4,3,DUES,SUED,USED
4,3,DUNE,NUDE,UNDE
4,3,DUOS,OUDS,UDOS
4,3,DUPS,PUDS,SPUD
4,3,DURE,RUDE,RUED
4,3,EERY,EYER,EYRE
4,3,EGOS,GOES,SEGO
4,3,EKES,SEEK,SKEE
4,3,ELAN,LANE,LEAN
4,3,EMES,SEEM,SEME
4,3,EMIR,MIRE,RIME
4,3,ERST,REST,RETS
4,3,EWER,WEER,WERE
4,3,FARE,FEAR,FRAE
4,3,FART,FRAT,RAFT
4,3,FATE,FEAT,FETA
4,3,FERE,FREE,REEF
4,3,FILE,LIEF,LIFE
4,3,FIRE,REIF,RIFE
4,3,FIST,FITS,SIFT
4,3,FLOW,FOWL,WOLF
4,3,FRET,REFT,TREF
4,3,GALS,LAGS,SLAG
4,3,GAPE,PAGE,PEAG
4,3,GASH,HAGS,SHAG
4,3,GAUR,GUAR,RUGA
4,3,GEST,GETS,TEGS
4,3,GINS,SIGN,SING
4,3,GIRN,GRIN,RING
4,3,GIRT,GRIT,TRIG
4,3,GORY,GYRO,ORGY
4,3,GOSH,HOGS,SHOG
4,3,GULS,LUGS,SLUG
4,3,GUMS,MUGS,SMUG
4,3,GUST,GUTS,TUGS
4,3,HADE,HAED,HEAD
4,3,HAHS,HASH,SHAH
4,3,HAMS,MASH,SHAM
4,3,HAPS,HASP,PASH
4,3,HARE,HEAR,RHEA
4,3,HART,RATH,TAHR
4,3,HAST,HATS,SHAT
4,3,HAWS,SHAW,WASH
4,3,HOES,HOSE,SHOE
4,3,HURT,RUTH,THRU
4,3,IKON,KINO,OINK
4,3,ILLY,LILY,YILL
4,3,IRKS,KRIS,RISK
4,3,ISLE,LEIS,LIES
4,3,ISMS,MISS,SIMS
4,3,KAES,KEAS,SAKE
4,3,KALE,LAKE,LEAK
4,3,KATS,SKAT,TASK
4,3,KEEP,PEEK,PEKE
4,3,KIPS,SKIP,SPIK
4,3,KIST,KITS,SKIT
4,3,LEVO,LOVE,VOLE
4,3,LEYS,LYES,LYSE
4,3,LIDS,SILD,SLID
4,3,LIMO,MILO,MOIL
4,3,LIPS,LISP,SLIP
4,3,LOOP,POLO,POOL
4,3,LOPS,POLS,SLOP
4,3,LORE,ORLE,ROLE
4,3,LOST,LOTS,SLOT
4,3,LOWS,OWLS,SLOW
4,3,LUNA,ULAN,ULNA
4,3,MANO,MOAN,NOMA
4,3,MAST,MATS,TAMS
4,3,MEET,METE,TEEM
4,3,MENO,NOME,OMEN
4,3,MHOS,OHMS,SHMO
4,3,MOPE,POEM,POME
4,3,MOST,MOTS,TOMS
4,3,NAGS,SANG,SNAG
4,3,NAVE,VANE,VENA
4,3,NEVI,VEIN,VINE
4,3,NEWS,SEWN,WENS
4,3,NITS,SNIT,TINS
4,3,NOWT,TOWN,WONT
4,3,NUTS,STUN,TUNS
4,3,ORBS,ROBS,SORB
4,3,OWES,OWSE,WOES
4,3,PEER,PERE,PREE
4,3,PERI,PIER,RIPE
4,3,PISS,PSIS,SIPS
4,3,PITS,SPIT,TIPS
4,3,POWS,SWOP,WOPS
4,3,RATE,TARE,TEAR
4,3,REES,SEER,SERE
4,3,RITE,TIER,TIRE
4,3,ROOT,ROTO,TORO
4,3,SNYE,SYNE,YENS
4,3,STEY,STYE,TYES
4,3,SWAY,WAYS,YAWS
4,3,TAVS,VAST,VATS
4,3,WAKE,WEAK,WEKA
5,11,APERS,ASPER,PARES,PARSE,PEARS,PRASE,PRESA,RAPES,REAPS,SPARE,SPEAR
5,10,LEAST,SETAL,SLATE,STALE,STEAL,STELA,TAELS,TALES,TEALS,TESLA
5,8,ACERS,ACRES,CARES,CARSE,ESCAR,RACES,SCARE,SERAC
5,8,ARLES,EARLS,LARES,LASER,LEARS,RALES,REALS,SERAL
5,8,LAPSE,LEAPS,PALES,PEALS,PLEAS,SALEP,SEPAL,SPALE
5,8,PERIS,PIERS,PRIES,PRISE,RIPES,SPEIR,SPIER,SPIRE
5,7,ABETS,BASTE,BATES,BEAST,BEATS,BETAS,TABES
5,7,AMENS,MANES,MANSE,MEANS,MENSA,NAMES,NEMAS
5,7,ASPEN,NAPES,NEAPS,PANES,PEANS,SNEAP,SPEAN
5,7,CARET,CARTE,CATER,CRATE,REACT,RECTA,TRACE
5,7,DEIST,DIETS,DITES,EDITS,SITED,STIED,TIDES
5,7,EMITS,ITEMS,METIS,MITES,SMITE,STIME,TIMES
5,7,ESTER,REEST,RESET,STEER,STERE,TERSE,TREES
5,7,PASTE,PATES,PEATS,SEPTA,SPATE,TAPES,TEPAS
5,7,PEERS,PERES,PERSE,PREES,PRESE,SPEER,SPREE
5,7,RESAW,SAWER,SEWAR,SWARE,SWEAR,WARES,WEARS
5,6,ACRED,ARCED,CADRE,CARED,CEDAR,RACED
5,6,AIRTS,ASTIR,SITAR,STAIR,STRIA,TARSI
5,6,ALERT,ALTER,ARTEL,LATER,RATEL,TALER
5,6,ARDEB,BARDE,BARED,BEARD,BREAD,DEBAR
5,6,ARILS,LAIRS,LIARS,LIRAS,RAILS,RIALS
5,6,ASHED,DEASH,HADES,HEADS,SADHE,SHADE
5,6,BARES,BASER,BEARS,BRAES,SABER,SABRE
5,6,CRUET,CURET,CUTER,ERUCT,RECUT,TRUCE
5,6,DATER,DERAT,RATED,TARED,TRADE,TREAD
5,6,DEERS,DREES,REDES,REEDS,SEDER,SERED
5,6,DEILS,DELIS,IDLES,ISLED,SIDLE,SLIDE
5,6,DIOLS,IDOLS,LIDOS,SLOID,SOLDI,SOLID
5,6,HALES,HEALS,LEASH,SELAH,SHALE,SHEAL
5,6,LAVES,SALVE,SLAVE,VALES,VALSE,VEALS
5,6,LEAPT,LEPTA,PALET,PETAL,PLATE,PLEAT
5,6,MATES,MEATS,SATEM,STEAM,TAMES,TEAMS
5,6,NOTES,ONSET,SETON,STENO,STONE,TONES
5,6,PARTS,PRATS,SPRAT,STRAP,TARPS,TRAPS
5,6,PILES,PLIES,SLIPE,SPEIL,SPIEL,SPILE
5,6,REINS,RESIN,RINSE,RISEN,SERIN,SIREN
5,5,ADMEN,AMEND,MANED,MENAD,NAMED
5,5,AGERS,GEARS,RAGES,SAGER,SARGE
5,5,AIDER,AIRED,DEAIR,IRADE,REDIA
5,5,AIRNS,NARIS,RAINS,RANIS,SARIN
5,5,ALBAS,BAALS,BALAS,BALSA,BASAL
5,5,ALGIN,ALIGN,LIANG,LIGAN,LINGA
5,5,ALIEN,ALINE,ANILE,ELAIN,LIANE
5,5,ANTES,ETNAS,NATES,NEATS,STANE
5,5,ANTIS,SAINT,SATIN,STAIN,TAINS
5,5,APTER,PATER,PEART,PRATE,TAPER
5,5,ARGLE,GLARE,LAGER,LARGE,REGAL
5,5,ASCOT,COAST,COATS,COSTA,TACOS
5,5,ASSET,EASTS,SATES,SEATS,TASSE
5,5,ASTER,RATES,STARE,TARES,TEARS
5,5,CIONS,COINS,ICONS,SCION,SONIC
5,5,CRUSE,CURES,CURSE,ECRUS,SUCRE
5,5,DALES,DEALS,LADES,LASED,LEADS
5,5,DATES,SATED,STADE,STEAD,TSADE
5,5,EARNS,NARES,NEARS,SANER,SNARE
5,5,FIRES,FRIES,FRISE,REIFS,SERIF
5,5,HARES,HEARS,RHEAS,SHARE,SHEAR
5,5,HEROS,HOERS,HORSE,SHOER,SHORE
5,5,INERT,INTER,NITER,NITRE,TRINE
5,5,INSET,NEIST,SENTI,STEIN,TINES
5,5,KARNS,KNARS,NARKS,RANKS,SNARK
5,5,LEETS,SLEET,STEEL,STELE,TELES
5,5,LOOPS,POLOS,POOLS,SLOOP,SPOOL
5,5,LOOTS,LOTOS,SOTOL,STOOL,TOOLS
5,5,LORES,LOSER,ORLES,ROLES,SOREL
5,5,MANOS,MASON,MOANS,MONAS,NOMAS
5,5,MARES,MARSE,MASER,REAMS,SMEAR
5,5,MERIT,MITER,MITRE,REMIT,TIMER
5,5,PEINS,PENIS,PINES,SNIPE,SPINE
5,5,PORES,POSER,PROSE,ROPES,SPORE
5,5,RATOS,ROAST,ROTAS,TAROS,TORAS
5,5,RESOW,SEROW,SOWER,SWORE,WORSE
5,5,RIOTS,TIROS,TORSI,TRIOS,TROIS
5,5,ROOST,ROOTS,ROTOS,TOROS,TORSO
5,5,ROSET,ROTES,STORE,TORES,TORSE
5,5,ROUST,ROUTS,STOUR,TORUS,TOURS
5,5,ROWTH,THROW,WHORT,WORTH,WROTH
5,5,RYOTS,STORY,STROY,TROYS,TYROS
5,5,SKATE,STAKE,STEAK,TAKES,TEAKS
5,5,SPIRT,SPRIT,STIRP,STRIP,TRIPS
5,5,STATE,TASTE,TATES,TEATS,TESTA
5,4,ABLER,BALER,BLARE,BLEAR
5,4,ABLES,BALES,BLASE,SABLE
5,4,ABUTS,TABUS,TSUBA,TUBAS
5,4,ACIDS,ASDIC,CADIS,CAIDS
5,4,ADDER,DARED,DREAD,READD
5,4,ADITS,DITAS,STAID,TSADI
5,4,AGREE,EAGER,EAGRE,RAGEE
5,4,ALEFS,FALSE,FLEAS,LEAFS
5,4,ALGOR,ARGOL,GORAL,LARGO
5,4,ALMES,LAMES,MALES,MEALS
5,4,ALTAR,ARTAL,RATAL,TALAR
5,4,AMAIN,AMNIA,ANIMA,MANIA
5,4,ANGST,GNATS,STANG,TANGS
5,4,ANILS,NAILS,SLAIN,SNAIL
5,4,ANKHS,HANKS,KHANS,SHANK
5,4,APSES,PASES,PASSE,SPAES
5,4,APTLY,PATLY,PLATY,TYPAL
5,4,ARGON,GROAN,ORANG,ORGAN
5,4,ARGUS,GAURS,GUARS,SUGAR
5,4,ARMED,DERMA,DREAM,MADRE
5,4,ARMET,MATER,RAMET,TAMER
5,4,ASKER,ESKAR,RAKES,SAKER
5,4,AURES,URASE,UREAS,URSAE
5,4,AWNED,DAWEN,DEWAN,WANED
5,4,BAGEL,BELGA,GABLE,GLEBA
5,4,BAKER,BRAKE,BREAK,KEBAR
5,4,BARDS,BRADS,DARBS,DRABS
5,4,BIERS,BIRSE,BRIES,RIBES
5,4,BORES,BROSE,ROBES,SOBER
5,4,BRUTE,BURET,REBUT,TUBER
5,4,BURSE,REBUS,RUBES,SUBER
5,4,CANER,CRANE,NACRE,RANCE
5,4,CAPER,CRAPE,PACER,RECAP
5,4,CAPES,PACES,SCAPE,SPACE
5,4,CARPS,CRAPS,SCARP,SCRAP
5,4,CASTE,CATES,CESTA,TACES
5,4,CEROS,CORES,CORSE,SCORE
5,4,CHEAT,TACHE,TEACH,THECA
5,4,CIDER,CRIED,DICER,RICED
5,4,CODER,CORED,CREDO,DECOR
5,4,DARES,DEARS,RASED,READS
5,4,DEARY,DERAY,RAYED,READY
5,4,DEISM,DIMES,DISME,IDEMS
5,4,DINAR,DRAIN,NADIR,RANID
5,4,DOERS,DOSER,REDOS,ROSED
5,4,DOORS,ODORS,ORDOS,ROODS
5,4,DOPER,PEDRO,PORED,ROPED
5,4,DRAIL,LAIRD,LIARD,LIDAR
5,4,DRAPE,PADRE,PARED,RAPED
5,4,DRIES,RESID,RIDES,SIRED
5,4,DRUPE,DUPER,PERDU,PRUDE
5,4,DUELS,DULSE,LEUDS,SLUED
5,4,EARLY,LAYER,LEARY,RELAY
5,4,EARTH,HATER,HEART,RATHE
5,4,EGERS,GREES,REGES,SERGE
5,4,EMIRS,MIRES,MISER,RIMES
5,4,EPHAS,HEAPS,PHASE,SHAPE
5,4,ERVIL,LIVER,LIVRE,VILER
5,4,ESTOP,POETS,STOPE,TOPES
5,4,EWERS,RESEW,SEWER,SWEER
5,4,EYRAS,RESAY,SAYER,YEARS
5,4,FATES,FEAST,FEATS,FETAS
5,4,FELID,FIELD,FILED,FLIED
5,4,FILER,FLIER,LIFER,RIFLE
5,4,GIRTS,GRIST,GRITS,TRIGS
5,4,GOERS,GORES,GORSE,OGRES
5,4,GRATE,GREAT,TARGE,TERGA
5,4,HAETS,HASTE,HATES,HEATS
5,4,HEIRS,HIRES,SHIER,SHIRE
5,4,HONES,HOSEN,NOHES,SHONE
5,4,INAPT,PAINT,PATIN,PINTA
5,4,ISLET,ISTLE,STILE,TILES
5,4,KALES,LAKES,LEAKS,SLAKE
5,4,KANES,SKEAN,SNAKE,SNEAK
5,4,KEENS,KNEES,SKEEN,SKENE
5,4,KEIRS,KIERS,SIKER,SKIER
5,4,LAMPS,PALMS,PLASM,PSALM
5,4,LIERS,RIELS,RILES,SLIER
5,4,LIMES,MILES,SLIME,SMILE
5,4,LINOS,LIONS,LOINS,NOILS
5,4,LITER,LITRE,RELIT,TILER
5,4,LOESS,LOSES,SLOES,SOLES
5,4,LOONS,NOLOS,SNOOL,SOLON
5,4,MENSE,MESNE,NEEMS,SEMEN
5,4,METER,METRE,REMET,RETEM
5,4,MOSTE,MOTES,SMOTE,TOMES
5,4,NERTS,RENTS,STERN,TERNS
5,4,NIPAS,PAINS,PIANS,PINAS
5,4,NOTAL,TALON,TOLAN,TONAL
5,4,NOTER,TENOR,TONER,TRONE
5,4,OVERS,ROVES,SERVO,VERSO
5,4,PADLE,PALED,PEDAL,PLEAD
5,4,PANEL,PENAL,PLANE,PLENA
5,4,PEELS,PELES,SLEEP,SPEEL
5,4,PORTS,PROST,SPORT,STROP
5,4,PRIDE,PRIED,REDIP,RIPED
5,4,RITES,TIERS,TIRES,TRIES
5,4,RIVES,SIVER,VIERS,VIRES
5,4,SERVE,SEVER,VEERS,VERSE
5,4,STROW,TROWS,WORST,WORTS
5,4,SWEAT,TAWSE,TWAES,WASTE
5,4,WEIRD,WIDER,WIRED,WRIED
5,4,WEIRS,WIRES,WISER,WRIES
5,3,ABORT,BOART,TABOR
5,3,ABYED,BAYED,BEADY
5,3,ACERB,BRACE,CABER
5,3,ACMES,CAMES,MACES
5,3,ACNED,CANED,DANCE
5,3,ACNES,CANES,SCENA
5,3,ACORN,NARCO,RACON
5,3,ACRID,CAIRD,DARIC
5,3,ACYLS,CLAYS,SCALY
5,3,ADDLE,DEDAL,LADED
5,3,ADEPT,PATED,TAPED
5,3,ADORE,OARED,OREAD
5,3,AGGER,EGGAR,GAGER
5,3,AGIST,GAITS,STAIG
5,3,AIDES,ASIDE,IDEAS
5,3,AIMED,AMIDE,MEDIA
5,3,ALANS,ANLAS,NASAL
5,3,ALECS,LACES,SCALE
5,3,ALIST,LITAS,TAILS
5,3,ALOFT,FLOAT,FLOTA
5,3,ALTHO,LOATH,LOTAH
5,3,ALTOS,LOTAS,TOLAS
5,3,AMBER,BREAM,EMBAR
5,3,AMBLE,BLAME,MELBA
5,3,AMENT,MEANT,MENTA
5,3,AMINE,ANIME,MINAE
5,3,AMINS,MAINS,MINAS
5,3,AMIRS,MAIRS,SIMAR
5,3,ANGEL,ANGLE,GLEAN
5,3,ANGER,RANGE,REGNA
5,3,ANVIL,NIVAL,VINAL
5,3,APERY,PAYER,REPAY
5,3,APHIS,APISH,SPAHI
5,3,APPEL,APPLE,PEPLA
5,3,AREIC,CERIA,ERICA
5,3,ARGIL,GLAIR,GRAIL
5,3,ARGUE,AUGER,RUGAE
5,3,ARISE,RAISE,SERAI
5,3,ARSES,RASES,SEARS
5,3,ARSON,ROANS,SONAR
5,3,ARUMS,MURAS,RAMUS
5,3,ASKEW,WAKES,WEKAS
5,3,ASPIC,PICAS,SPICA
5,3,ATOMS,MOATS,STOMA
5,3,ATRIA,RIATA,TIARA
5,3,AVENS,NAVES,VANES
5,3,AVERS,RAVES,SAVER
5,3,BASED,BEADS,SABED
5,3,BASIN,NABIS,SABIN
5,3,BASIS,BASSI,ISBAS
5,3,BEAMY,EMBAY,MAYBE
5,3,BEGIN,BEING,BINGE
5,3,BELOW,BOWEL,ELBOW
5,3,BELTS,BLEST,BLETS
5,3,BIDER,BRIDE,REBID
5,3,BLATE,BLEAT,TABLE
5,3,BLURS,BURLS,SLURB
5,3,BOARD,BROAD,DOBRA
5,3,BOAST,BOATS,SABOT
5,3,BOLAR,LABOR,LOBAR
5,3,BOLOS,LOBOS,OBOLS
5,3,BORED,ORBED,ROBED
5,3,BRAGS,GARBS,GRABS
5,3,BRIEF,FIBER,FIBRE
5,3,BROME,OMBER,OMBRE
5,3,BRUSH,BUHRS,SHRUB
5,3,BURAN,UNBAR,URBAN
5,3,CADES,CASED,DACES
5,3,CALKS,LACKS,SLACK
5,3,CANST,CANTS,SCANT
5,3,CARLE,CLEAR,LACER
5,3,CAROL,CLARO,CORAL
5,3,CARVE,CAVER,CRAVE
5,3,CEDER,CERED,CREED
5,3,CHAMS,CHASM,MACHS
5,3,CHAPE,CHEAP,PEACH
5,3,CHIRO,CHOIR,ICHOR
5,3,CHORE,OCHER,OCHRE
5,3,CITER,RECTI,TRICE
5,3,CLAPS,CLASP,SCALP
5,3,CLODS,COLDS,SCOLD
5,3,CLOSE,COLES,SOCLE
5,3,CONES,ONCES,SCONE
5,3,COPES,COPSE,SCOPE
5,3,COSET,COTES,ESCOT
5,3,CRAMS,MARCS,SCRAM
5,3,CRIES,ICERS,RICES
5,3,CRUEL,LUCRE,ULCER
5,3,DAIRY,DIARY,YAIRD
5,3,DARNS,NARDS,RANDS
5,3,DATOS,DOATS,TOADS
5,3,DEALT,DELTA,LATED
5,3,DEANS,SANED,SEDAN
5,3,DEAVE,EAVED,EVADE
5,3,DEEMS,DEMES,MEEDS
5,3,DEEPS,PEDES,SPEED
5,3,DEFER,FREED,REFED
5,3,DELAY,LAYED,LEADY
5,3,DEMOS,DOMES,MODES
5,3,DENES,DENSE,NEEDS
5,3,DEPOT,OPTED,TOPED
5,3,DERRY,DRYER,REDRY
5,3,DESEX,DEXES,SEXED
5,3,DIMER,MIRED,RIMED
5,3,DINES,NIDES,SNIDE
5,3,DIRER,DRIER,RIDER
5,3,DIRGE,GRIDE,RIDGE
5,3,DIVER,DRIVE,RIVED
5,3,DOLES,LODES,SOLED
5,3,DOPES,POSED,SPODE
5,3,DORPS,DROPS,PRODS
5,3,DORSA,ROADS,SAROD
5,3,DOWRY,ROWDY,WORDY
5,3,DRAWS,SWARD,WARDS
5,3,DROVE,ROVED,VODER
5,3,DWINE,WIDEN,WINED
5,3,EGEST,GEEST,GESTE
5,3,ELAND,LADEN,NALED
5,3,ELANS,LANES,LEANS
5,3,ELVER,LEVER,REVEL
5,3,ENOLS,LENOS,NOELS
5,3,ENROL,LONER,NEROL
5,3,ENTER,RENTE,TERNE
5,3,ENTIA,TENIA,TINEA
5,3,EPICS,SEPIC,SPICE
5,3,ERSES,SEERS,SERES
5,3,ERUGO,ROGUE,ROUGE
5,3,ETHER,THERE,THREE
5,3,ETHOS,SHOTE,THOSE
5,3,ETYMA,MATEY,MEATY
5,3,EUROS,ROUES,ROUSE
5,3,EVENS,NEVES,SEVEN
5,3,EVILS,LIVES,VEILS
5,3,EXIST,EXITS,SIXTE
5,3,FARES,FEARS,SAFER
5,3,FARLE,FERAL,FLARE
5,3,FARTS,FRATS,RAFTS
5,3,FERES,FREES,REEFS
5,3,FERLY,FLYER,REFLY
5,3,FERRY,FRYER,REFRY
5,3,FETOR,FORTE,OFTER
5,3,FILAR,FLAIR,FRAIL
5,3,FIRER,FRIER,RIFER
5,3,FIRST,FRITS,RIFTS
5,3,FLOWS,FOWLS,WOLFS
5,3,FLUES,FUELS,FUSEL
5,3,FREER,FRERE,REFER
5,3,GAMER,MARGE,REGMA
5,3,GAPER,GRAPE,PARGE
5,3,GAPES,PAGES,PEAGS
5,3,GAUMS,MAGUS,SAGUM
5,3,GENRO,GONER,NEGRO
5,3,GIPON,OPING,PINGO
5,3,GIRNS,GRINS,RINGS
5,3,GIRTH,GRITH,RIGHT
5,3,GLEDE,GLEED,LEDGE
5,3,GLUES,GULES,LUGES
5,3,GNASH,HANGS,SANGH
5,3,GRIPS,PRIGS,SPRIG
5,3,HAEMS,HAMES,SHAME
5,3,HALTS,LATHS,SHALT
5,3,HARTS,TAHRS,TRASH
5,3,HAULS,HULAS,SHAUL
5,3,HELOT,HOTEL,THOLE
5,3,HENTS,SHENT,THENS
5,3,HERDS,SHERD,SHRED
5,3,HISTS,SHIST,SHITS
5,3,HOLES,HOSEL,SHEOL
5,3,HOOTS,SHOOT,SOOTH
5,3,HOSTS,SHOTS,SOTHS
5,3,IKONS,KINOS,OINKS
5,3,IMAMS,MAIMS,MIASM
5,3,IOTAS,OSTIA,STOAI
5,3,IRATE,RETIA,TERAI
5,3,IRONS,ORNIS,ROSIN
5,3,KAMES,MAKES,SAMEK
5,3,KARST,KARTS,STARK
5,3,KEELS,LEEKS,SLEEK
5,3,KEEPS,PEEKS,PEKES
5,3,KEETS,SKEET,STEEK
5,3,KEPIS,PIKES,SPIKE
5,3,KEYER,REEKY,REKEY
5,3,KILNS,LINKS,SLINK
5,3,KITES,SKITE,TIKES
5,3,KNITS,SKINT,STINK
5,3,LAPIS,PAILS,SPAIL
5,3,LASES,SALES,SEALS
5,3,LASTS,SALTS,SLATS
5,3,LAVER,RAVEL,VELAR
5,3,LAWED,WALED,WEALD
5,3,LENIS,LIENS,LINES
5,3,LILTS,STILL,TILLS
5,3,LIMAS,MAILS,SALMI
5,3,LIMOS,MILOS,MOILS
5,3,LISTS,SILTS,SLITS
5,3,LOANS,SALON,SOLAN
5,3,LOOMS,MOOLS,OSMOL
5,3,LOPER,POLER,PROLE
5,3,LOPES,POLES,SLOPE
5,3,LOTUS,LOUTS,TOLUS
5,3,LOVES,SOLVE,VOLES
5,3,LUMPS,PLUMS,SLUMP
5,3,LUNAS,ULANS,ULNAS
5,3,MARTS,SMART,TRAMS
5,3,MASSE,MESAS,SEAMS
5,3,MEETS,METES,TEEMS
5,3,MESON,NOMES,OMENS
5,3,MIREX,MIXER,REMIX
5,3,MISES,SEISM,SEMIS
5,3,MONOS,MOONS,NOMOS
5,3,MOPES,POEMS,POMES
5,3,MOTET,MOTTE,TOTEM
5,3,MURES,MUSER,SERUM
5,3,MUSTS,SMUTS,STUMS
5,3,NEEPS,PEENS,PENES
5,3,NODES,NOSED,SONDE
5,3,NOWTS,TOWNS,WONTS
5,3,ODYLE,YODEL,YODLE
5,3,OILER,ORIEL,REOIL
5,3,OPENS,PEONS,PONES
5,3,OPTIC,PICOT,TOPIC
5,3,OTTER,TORTE,TOTER
5,3,OUTER,OUTRE,ROUTE
5,3,OVERT,TROVE,VOTER
5,3,OWNER,REWON,ROWEN
5,3,PADRI,PARDI,RAPID
5,3,PALER,PARLE,PEARL
5,3,PALSY,PLAYS,SPLAY
5,3,PEAKS,SPAKE,SPEAK
5,3,PELTS,SLEPT,SPELT
5,3,PESOS,POSES,POSSE
5,3,PESTS,SEPTS,STEPS
5,3,PINTO,PITON,POINT
5,3,PITAS,SPAIT,TAPIS
5,3,POONS,SNOOP,SPOON
5,3,PORTE,TOPER,TROPE
5,3,POSTS,SPOTS,STOPS
5,3,POUTS,SPOUT,STOUP
5,3,PRAOS,PROAS,SAPOR
5,3,PRAYS,RASPY,SPRAY
5,3,PROSO,SOPOR,SPOOR
5,3,PURSE,SPRUE,SUPER
5,3,PUSES,SPUES,SUPES
5,3,RANTS,TARNS,TRANS
5,3,RATER,TARRE,TERRA
5,3,RUSES,SUERS,USERS
5,3,SAILS,SIALS,SISAL
5,3,SATYR,STRAY,TRAYS
5,3,SEGNI,SENGI,SINGE
5,3,SETUP,STUPE,UPSET
5,3,SEWAN,WANES,WEANS
5,3,SEWED,SWEDE,WEEDS
5,3,SHOUT,SOUTH,THOUS
5,3,SILLY,SLILY,YILLS
5,3,SILVA,VAILS,VIALS
5,3,SINEW,SWINE,WINES
5,3,SLIPT,SPILT,SPLIT
5,3,STARS,TRASS,TSARS
5,3,STOLE,TELOS,TOLES
5,3,STRAW,SWART,WARTS
5,3,STREW,TREWS,WREST
5,3,STRUT,STURT,TRUST
5,3,SWALE,WALES,WEALS
5,3,SWATH,THAWS,WHATS
5,3,SWEET,WEEST,WEETS
5,3,SWITH,WHIST,WHITS
5,3,SWIVE,VIEWS,WIVES
5,3,TATER,TETRA,TREAT
5,3,TITER,TITRE,TRITE
6,11,ALERTS,ALTERS,ARTELS,ESTRAL,LASTER,RATELS,SALTER,SLATER,STALER,STELAR,TALERS
6,9,CAPERS,CRAPES,ESCARP,PACERS,PARSEC,RECAPS,SCRAPE,SECPAR,SPACER
6,9,ESTRIN,INERTS,INSERT,INTERS,NITERS,NITRES,SINTER,TRIENS,TRINES
6,8,ASPERS,PARSES,PASSER,PRASES,REPASS,SPARES,SPARSE,SPEARS
6,8,CARETS,CARTES,CASTER,CATERS,CRATES,REACTS,RECAST,TRACES
6,8,PALEST,PALETS,PASTEL,PETALS,PLATES,PLEATS,SEPTAL,STAPLE
6,7,ALGINS,ALIGNS,LASING,LIANGS,LIGANS,LINGAS,SIGNAL
6,7,ARDEBS,BARDES,BEARDS,BREADS,DEBARS,SABRED,SERDAB
6,7,ARILED,DERAIL,DIALER,LAIRED,RAILED,REDIAL,RELAID
6,7,ARMETS,MASTER,MATERS,MATRES,RAMETS,STREAM,TAMERS
6,7,ARREST,RAREST,RASTER,RATERS,STARER,TARRES,TERRAS
6,7,CRUETS,CRUSET,CURETS,ERUCTS,RECTUS,RECUTS,TRUCES
6,7,DRAPES,PADRES,PARSED,RASPED,SPADER,SPARED,SPREAD
6,7,ENOSIS,EOSINS,ESSOIN,NOESIS,NOISES,OSSEIN,SONSIE
6,7,LAVERS,RAVELS,SALVER,SERVAL,SLAVER,VELARS,VERSAL
6,7,MERITS,MISTER,MITERS,MITRES,REMITS,SMITER,TIMERS
6,7,NESTOR,NOTERS,STONER,TENORS,TENSOR,TONERS,TRONES
6,6,AIDERS,DEAIRS,IRADES,RAISED,REDIAS,RESAID
6,6,ALEVIN,ALVINE,VALINE,VEINAL,VENIAL,VINEAL
6,6,ALIENS,ALINES,ELAINS,LIANES,SALINE,SILANE
6,6,ARETES,EASTER,EATERS,RESEAT,SEATER,TEASER
6,6,CANTER,CENTRA,NECTAR,RECANT,TANREC,TRANCE
6,6,CARESS,CARSES,CRASES,ESCARS,SCARES,SERACS
6,6,CORSET,COSTER,ESCORT,RECTOS,SCOTER,SECTOR
6,6,DELTAS,DESALT,LASTED,SALTED,SLATED,STALED
6,6,ENTERS,NESTER,RENTES,RESENT,TENSER,TERNES
6,6,ESPRIT,PRIEST,RIPEST,SPRITE,STRIPE,TRIPES
6,6,ESTERS,REESTS,RESETS,SEREST,STEERS,STERES
6,6,EVILER,LEVIER,LIEVER,RELIVE,REVILE,VEILER
6,6,HASSEL,HASSLE,LASHES,SELAHS,SHALES,SHEALS
6,6,LEASTS,SLATES,STALES,STEALS,TASSEL,TESLAS
6,6,LUSTER,LUSTRE,RESULT,RUSTLE,SUTLER,ULSTER
6,6,PASTER,PATERS,PRATES,REPAST,TAPERS,TRAPES
6,6,REIGNS,RENIGS,RESIGN,SERING,SIGNER,SINGER
6,5,ACTORS,CASTOR,COSTAR,SCROTA,TAROCS
6,5,AGGERS,EGGARS,GAGERS,SAGGER,SEGGAR
6,5,AGREES,EAGERS,EAGRES,GREASE,RAGEES
6,5,AISLED,DEASIL,IDEALS,LADIES,SAILED
6,5,ALTARS,ASTRAL,RATALS,TALARS,TARSAL
6,5,AMBLED,BEDLAM,BELDAM,BLAMED,LAMBED
6,5,AMBLER,BLAMER,LAMBER,MARBLE,RAMBLE
6,5,AMINES,ANIMES,INSEAM,MESIAN,SEMINA
6,5,ARCHES,CHARES,CHASER,ESCHAR,SEARCH
6,5,ARGONS,GROANS,ORANGS,ORGANS,SARONG
6,5,ARIELS,RESAIL,SAILER,SERAIL,SERIAL
6,5,ARPENT,ENRAPT,ENTRAP,PARENT,TREPAN
6,5,BESTIR,BISTER,BISTRE,BITERS,TRIBES
6,5,BLUEST,BLUETS,BUSTLE,SUBLET,SUBTLE
6,5,BROMES,OMBERS,OMBRES,SOMBER,SOMBRE
6,5,BRUTES,BURETS,BUSTER,REBUTS,TUBERS
6,5,CANERS,CASERN,CRANES,NACRES,RANCES
6,5,CARLES,CLEARS,LACERS,SCALER,SCLERA
6,5,CEREUS,CERUSE,RECUSE,RESCUE,SECURE
6,5,CERTES,ERECTS,RESECT,SECRET,TERCES
6,5,CHASTE,CHEATS,SACHET,SCATHE,TACHES
6,5,CRAALS,LASCAR,RASCAL,SACRAL,SCALAR
6,5,DATERS,DERATS,STARED,TRADES,TREADS
6,5,DEARER,READER,REARED,REDEAR,REREAD
6,5,DELIST,IDLEST,LISTED,SILTED,TILDES
6,5,DIESEL,EDILES,ELIDES,SEDILE,SEIDEL
6,5,DRAWER,REDRAW,REWARD,WARDER,WARRED
6,5,DRUPES,DUPERS,PERDUS,PRUDES,PURSED
6,5,EARING,GAINER,REAGIN,REGAIN,REGINA
6,5,ENLIST,INLETS,LISTEN,SILENT,TINSEL
6,5,ERUGOS,GROUSE,ROGUES,ROUGES,RUGOSE
6,5,ERVILS,LIVERS,LIVRES,SILVER,SLIVER
6,5,EVERTS,REVEST,REVETS,VERSET,VERSTE
6,5,FETORS,FOREST,FORTES,FOSTER,SOFTER
6,5,FILETS,FLIEST,FLITES,ITSELF,STIFLE
6,5,GAPERS,GASPER,GRAPES,PARGES,SPARGE
6,5,GILDER,GIRDLE,GLIDER,REGILD,RIDGEL
6,5,GIRONS,GRISON,GROINS,ROSING,SIGNOR
6,5,HECTOR,ROCHET,ROTCHE,TOCHER,TROCHE
6,5,INSURE,INURES,RUSINE,URINES,URSINE
6,5,LAPSES,PASSEL,SALEPS,SEPALS,SPALES
6,5,LEASER,REALES,RESALE,RESEAL,SEALER
6,5,LISTER,LITERS,LITRES,RELIST,TILERS
6,5,LOPERS,POLERS,PROLES,SLOPER,SPLORE
6,5,OUSTER,OUTERS,ROUTES,SOUTER,STOURE
6,5,PARERS,PARSER,RAPERS,RASPER,SPARER
6,5,PINTOS,PISTON,PITONS,POINTS,POSTIN
6,5,PLISSE,SLIPES,SPEILS,SPIELS,SPILES
6,5,POSTER,PRESTO,STOPER,TOPERS,TROPES
6,5,PRIDES,PRISED,REDIPS,SPIDER,SPIRED
6,5,REFITS,RESIFT,RIFEST,SIFTER,STRIFE
6,5,RESAWS,SAWERS,SEWARS,SWEARS,WRASSE
6,5,ROSETS,SOREST,STORES,TORSES,TOSSER
6,5,STATER,TASTER,TATERS,TETRAS,TREATS
6,4,ABLEST,BLEATS,STABLE,TABLES
6,4,ACINAR,ARNICA,CARINA,CRANIA
6,4,ADDERS,DREADS,READDS,SADDER
6,4,ADORES,OREADS,SARODE,SOARED
6,4,ADSORB,BOARDS,BROADS,DOBRAS
6,4,AETHER,HEATER,HEREAT,REHEAT
6,4,AIDMEN,DAIMEN,MAIDEN,MEDIAN
6,4,AIREST,SATIRE,STRIAE,TERAIS
6,4,ALGORS,ARGOLS,GORALS,LARGOS
6,4,ALINER,LARINE,LINEAR,NAILER
6,4,ARCKED,CARKED,DACKER,RACKED
6,4,ARGLES,GLARES,LAGERS,LARGES
6,4,ARISTA,RIATAS,TARSIA,TIARAS
6,4,ARTIST,STRAIT,STRATI,TRAITS
6,4,ASCENT,ENACTS,SECANT,STANCE
6,4,ASPIRE,PARIES,PRAISE,SPIREA
6,4,AVERTS,STARVE,TRAVES,VASTER
6,4,BAITER,BARITE,REBAIT,TERBIA
6,4,BAKERS,BRAKES,BREAKS,KEBARS
6,4,BAREST,BASTER,BREAST,TABERS
6,4,BASEST,BASSET,BASTES,BEASTS
6,4,BIDERS,BRIDES,DEBRIS,REBIDS
6,4,BINDER,BRINED,INBRED,REBIND
6,4,BRUISE,BURIES,BUSIER,RUBIES
6,4,BRUMAL,LABRUM,LUMBAR,UMBRAL
6,4,CADRES,CEDARS,SACRED,SCARED
6,4,CANTOR,CARTON,CONTRA,CRATON
6,4,CARTED,CRATED,REDACT,TRACED
6,4,CEDARN,CRANED,DANCER,NACRED
6,4,CENTER,CENTRE,RECENT,TENREC
6,4,CEROUS,COURSE,CROUSE,SOURCE
6,4,CESTOS,COSETS,COSSET,ESCOTS
6,4,CHEERO,COHERE,ECHOER,REECHO
6,4,CHIROS,CHOIRS,ICHORS,ORCHIS
6,4,CHORES,COSHER,OCHERS,OCHRES
6,4,CODERS,CREDOS,DECORS,SCORED
6,4,CONIES,COSINE,ICONES,OSCINE
6,4,CORKED,DOCKER,REDOCK,ROCKED
6,4,CRAKES,CREAKS,SACKER,SCREAK
6,4,CRUSES,CURSES,CUSSER,SUCRES
6,4,CUNEAL,LACUNE,LAUNCE,UNLACE
6,4,DANGER,GANDER,GARDEN,RANGED
6,4,DANKER,DARKEN,NARKED,RANKED
6,4,DARTER,RETARD,TARRED,TRADER
6,4,DASHES,SADHES,SASHED,SHADES
6,4,DEDANS,DESAND,SADDEN,SANDED
6,4,DEIGNS,DESIGN,SIGNED,SINGED
6,4,DENSER,ENDERS,RESEND,SENDER
6,4,DENTIN,INDENT,INTEND,TINNED
6,4,DENUDE,DUDEEN,DUENDE,ENDUED
6,4,DEPART,PARTED,PETARD,PRATED
6,4,DEPOTS,DESPOT,POSTED,STOPED
6,4,DETOUR,REDOUT,ROUTED,TOURED
6,4,DEVEIN,ENDIVE,ENVIED,VEINED
6,4,DIAPER,PAIRED,PARDIE,REPAID
6,4,DIETER,REEDIT,RETIED,TIERED
6,4,DINARS,DRAINS,NADIRS,RANIDS
6,4,DISPEL,LISPED,SLIPED,SPILED
6,4,DOPERS,PEDROS,PROSED,SPORED
6,4,DOTERS,SORTED,STORED,STRODE
6,4,DOTIER,EDITOR,RIOTED,TRIODE
6,4,DOUSER,ROUSED,SOURED,UREDOS
6,4,DRAILS,LAIRDS,LIARDS,LIDARS
6,4,DROGUE,GOURDE,ROGUED,ROUGED
6,4,DRONES,SNORED,SONDER,SORNED
6,4,EAGLET,GELATE,LEGATE,TELEGA
6,4,ELANDS,LADENS,NALEDS,SENDAL
6,4,ELOINS,INSOLE,LESION,OLEINS
6,4,ENGIRD,GIRNED,REDING,RINGED
6,4,ENGRAM,GERMAN,MANGER,RAGMEN
6,4,ENTREE,ETERNE,RETENE,TEENER
6,4,ESTOPS,POSSET,PTOSES,STOPES
6,4,ESTRUS,RUSSET,SUREST,TUSSER
6,4,FERLIE,LIEFER,REFILE,RELIEF
6,4,FILERS,FLIERS,LIFERS,RIFLES
6,4,FINDER,FRIEND,REDFIN,REFIND
6,4,FLOWER,FOWLER,REFLOW,WOLFER
6,4,GLEDES,GLEEDS,LEDGES,SLEDGE
6,4,GLUIER,LIGURE,REGULI,UGLIER
6,4,GRATES,GREATS,STAGER,TARGES
6,4,HASPED,PASHED,PHASED,SHAPED
6,4,HELOTS,HOSTEL,HOTELS,THOLES
6,4,HERONS,HONERS,NOSHER,SENHOR
6,4,HORDES,HORSED,RESHOD,SHORED
6,4,HORSTE,OTHERS,RESHOT,THROES
6,4,INSTAR,SANTIR,STRAIN,TRAINS
6,4,ISLETS,ISTLES,SLIEST,STILES
6,4,LAMENT,MANTEL,MANTLE,MENTAL
6,4,LANAIS,LIANAS,NASIAL,SALINA
6,4,LAPSED,PADLES,PEDALS,PLEADS
6,4,LAVEER,LEAVER,REVEAL,VEALER
6,4,LORIES,OILERS,ORIELS,REOILS
6,4,MANORS,RAMSON,RANSOM,ROMANS
6,4,MEREST,METERS,METRES,RETEMS
6,4,NEREIS,SEINER,SEREIN,SERINE
6,4,NEUTER,RETUNE,TENURE,TUREEN
6,4,ONSETS,SETONS,STENOS,STONES
6,4,OWNERS,RESOWN,ROWENS,WORSEN
6,4,PAINTS,PATINS,PINTAS,PTISAN
6,4,PARLEY,PEARLY,PLAYER,REPLAY
6,4,PHRASE,RAPHES,SERAPH,SHAPER
6,4,POUTER,ROUPET,TROUPE,UPTORE
6,4,PRISES,SPEIRS,SPIERS,SPIRES
6,4,RAWEST,TAWERS,WASTER,WATERS
6,4,RESINS,RINSES,SERINS,SIRENS
6,4,RESOWS,SEROWS,SOWERS,WORSES
6,4,RETEST,SETTER,STREET,TESTER
6,4,RHESUS,RHUSES,RUSHES,USHERS
6,4,RIVETS,STIVER,STRIVE,VERIST
6,4,ROWTHS,THROWS,WHORTS,WORTHS
6,4,SITTER,TITERS,TITRES,TRISTE
6,4,SKATER,STRAKE,STREAK,TAKERS
6,4,SPIRTS,SPRITS,STIRPS,STRIPS
6,4,SPOUTS,STOUPS,TOSSUP,UPTOSS
6,4,STOVER,STROVE,TROVES,VOTERS
6,3,ABORTS,BOARTS,TABORS
6,3,ACNODE,CANOED,DEACON
6,3,ACORNS,NARCOS,RACONS
6,3,ACTINS,ANTICS,NASTIC
6,3,ACTION,ATONIC,CATION
6,3,ADEEMS,EDEMAS,SEAMED
6,3,ADVISE,DAVIES,VISAED
6,3,AFTERS,FASTER,STRAFE
6,3,AGLARE,ALEGAR,LAAGER
6,3,AGREED,DRAGEE,GEARED
6,3,AHORSE,ASHORE,HOARSE
6,3,AIGRET,GAITER,TRIAGE
6,3,AIMERS,ARMIES,RAMIES
6,3,AIRMEN,MARINE,REMAIN
6,3,ALBATA,ATABAL,BALATA
6,3,ALIBLE,LABILE,LIABLE
6,3,ALINED,DENIAL,NAILED
6,3,ALIPED,ELAPID,PLEIAD
6,3,ALMOST,SMALTO,STOMAL
6,3,ALPINE,PENIAL,PINEAL
6,3,ALUMIN,ALUMNI,LUMINA
6,3,AMBERS,BREAMS,EMBARS
6,3,AMEERS,RAMEES,SEAMER
6,3,AMENDS,DESMAN,MENADS
6,3,AMENTS,MANTES,STAMEN
6,3,ANCHOR,ARCHON,RANCHO
6,3,ANELED,LEADEN,LEANED
6,3,ANEMIC,CINEMA,ICEMAN
6,3,ANGELS,ANGLES,GLEANS
6,3,ANGERS,RANGES,SANGER
6,3,ANGLED,DANGLE,LAGEND
6,3,ANIMAL,LAMINA,MANILA
6,3,ANISES,SANIES,SANSEI
6,3,ANOMIC,CAMION,MANIOC
6,3,ANTLER,LEARNT,RENTAL
6,3,ANTRES,ASTERN,STERNA
6,3,ANVILS,SILVAN,VINALS
6,3,AORIST,RATIOS,SATORI
6,3,ARCHED,CHARED,ECHARD
6,3,ARCING,CARING,RACING
6,3,ARGILS,GLAIRS,GRAILS
6,3,ARGUES,AUGERS,SAUGER
6,3,ARISES,RAISES,SERAIS
6,3,ARSENO,REASON,SENORA
6,3,ASHLER,HALERS,LASHER
6,3,ASIDES,DAISES,DASSIE
6,3,ASKERS,ESKARS,SAKERS
6,3,ASKING,GASKIN,KIANGS
6,3,ASLEEP,ELAPSE,PLEASE
6,3,ASPENS,SNEAPS,SPEANS
6,3,ASPISH,PHASIS,SPAHIS
6,3,ASSENT,SANEST,STANES
6,3,ASSERT,ASTERS,STARES
6,3,ASSETS,STASES,TASSES
6,3,ATRIAL,LARIAT,LATRIA
6,3,ATTUNE,NUTATE,TAUTEN
6,3,AVAILS,SALIVA,SALVIA
6,3,BADGER,BARGED,GARBED
6,3,BAGELS,BELGAS,GABLES
6,3,BALERS,BLARES,BLEARS
6,3,BARELY,BARLEY,BLEARY
6,3,BARKED,BRAKED,DEBARK
6,3,BATHER,BERTHA,BREATH
6,3,BEATER,BERATE,REBATE
6,3,BEDRID,BIDDER,BIRDED
6,3,BEDRUG,BUDGER,REDBUG
6,3,BEGINS,BEINGS,BINGES
6,3,BELOWS,BOWELS,ELBOWS
6,3,BEMIRE,BERIME,BIREME
6,3,BESTUD,BUSTED,DEBUTS
6,3,BLOUSE,BOULES,OBELUS
6,3,BLUMES,UMBELS,UMBLES
6,3,BOATEL,LOBATE,OBLATE
6,3,BOATER,BORATE,REBATO
6,3,BOITES,SOBEIT,TOBIES
6,3,BORING,ORBING,ROBING
6,3,BRAILS,BRASIL,LIBRAS
6,3,BRIBED,DIBBER,RIBBED
6,3,BRIEFS,FIBERS,FIBRES
6,3,BRUNET,BUNTER,BURNET
6,3,BUGLER,BULGER,BURGLE
6,3,BURBLE,LUBBER,RUBBLE
6,3,BURDEN,BURNED,UNBRED
6,3,BURDIE,BURIED,RUBIED
6,3,BUSTIC,CUBIST,CUBITS
6,3,CADENT,CANTED,DECANT
6,3,CALKER,LACKER,RACKLE
6,3,CALLER,CELLAR,RECALL
6,3,CAMELS,MACLES,MESCAL
6,3,CANINE,CANNIE,ENCINA
6,3,CANTLE,CENTAL,LANCET
6,3,CARERS,RACERS,SCARER
6,3,CARIES,CERIAS,ERICAS
6,3,CAROLS,CLAROS,CORALS
6,3,CARPED,CRAPED,REDCAP
6,3,CARPEL,PARCEL,PLACER
6,3,CARTEL,CLARET,RECTAL
6,3,CARTER,CRATER,TRACER
6,3,CARVEN,CAVERN,CRAVEN
6,3,CARVES,CAVERS,CRAVES
6,3,CASHES,CHASES,CHASSE
6,3,CASTLE,CLEATS,ECLATS
6,3,CAUSER,CESURA,SAUCER
6,3,CEDERS,CREEDS,SCREED
6,3,CENSER,SCREEN,SECERN
6,3,CENSOR,CRONES,RECONS
6,3,CEORLS,CLOSER,CRESOL
6,3,CERATE,CREATE,ECARTE
6,3,CERITE,RECITE,TIERCE
6,3,CHANTS,SNATCH,STANCH
6,3,CHIDER,DREICH,HERDIC
6,3,CHIELS,CHILES,CHISEL
6,3,CHINED,INCHED,NICHED
6,3,CHINES,INCHES,NICHES
6,3,CHIRKS,KIRSCH,SCHRIK
6,3,CHIRMS,CHRISM,SMIRCH
6,3,CHOREA,OCHREA,ORACHE
6,3,CITERS,STERIC,TRICES
6,3,CITRUS,RICTUS,RUSTIC
6,3,COALER,ORACLE,RECOAL
6,3,COIGNS,COSIGN,INCOGS
6,3,COINER,ORCEIN,RECOIN
6,3,CORERS,CRORES,SCORER
6,3,CORSES,CROSSE,SCORES
6,3,CORVET,COVERT,VECTOR
6,3,CRADLE,CREDAL,RECLAD
6,3,CREAMS,MACERS,SCREAM
6,3,CREDIT,DIRECT,TRICED
6,3,CROCUS,OCCURS,SUCCOR
6,3,CURERS,CURSER,RECURS
6,3,DAFTER,FARTED,RAFTED
6,3,DAGOES,DOSAGE,SEADOG
6,3,DALETH,HALTED,LATHED
6,3,DAMARS,DRAMAS,MADRAS
6,3,DAMNED,DEMAND,MADDEN
6,3,DAMSEL,LAMEDS,MEDALS
6,3,DAMSON,MONADS,NOMADS
6,3,DASHER,SHADER,SHARED
6,3,DEARTH,HATRED,THREAD
6,3,DEDUCE,DEUCED,EDUCED
6,3,DEISMS,DISMES,MISSED
6,3,DELUDE,DUELED,ELUDED
6,3,DENIER,NEREID,REINED
6,3,DENIES,DIENES,SEINED
6,3,DEPORT,PORTED,REDTOP
6,3,DERMAL,MARLED,MEDLAR
6,3,DERMAS,DREAMS,MADRES
6,3,DERRIS,DRIERS,RIDERS
6,3,DESERT,DETERS,RESTED
6,3,DESIRE,EIDERS,RESIDE
6,3,DETAIL,DILATE,TAILED
6,3,DETENT,NETTED,TENTED
6,3,DEUCES,EDUCES,SEDUCE
6,3,DEVISE,SIEVED,VISEED
6,3,DEWILY,WIDELY,WIELDY
6,3,DINERS,RINSED,SNIDER
6,3,DINING,INDIGN,NIDING
6,3,DIREST,DRIEST,STRIDE
6,3,DIRGES,GRIDES,RIDGES
6,3,DIRLED,DREIDL,RIDDLE
6,3,DOMINE,EMODIN,MONIED
6,3,DONSIE,NOISED,ONSIDE
6,3,DOSSIL,SLOIDS,SOLIDS
6,3,DOTTEL,DOTTLE,LOTTED
6,3,DOWERS,DOWSER,DROWSE
6,3,DRUSES,DURESS,SUDSER
6,3,DUFFEL,DUFFLE,LUFFED
6,3,DUNITE,UNITED,UNTIED
6,3,DUSTER,RUDEST,RUSTED
6,3,EARNED,ENDEAR,NEARED
6,3,EARNER,NEARER,REEARN
6,3,EARTHS,HATERS,HEARTS
6,3,EGESTS,GEESTS,GESTES
6,3,ELATES,STELAE,TEASEL
6,3,ELVERS,LEVERS,REVELS
6,3,ELYTRA,LYRATE,REALTY
6,3,EMOTER,METEOR,REMOTE
6,3,EMPIRE,EPIMER,PREMIE
6,3,ENATES,SATEEN,SENATE
6,3,ENCASE,SEANCE,SENECA
6,3,ENEMAS,MENSAE,SEAMEN
6,3,ENERGY,GREENY,GYRENE
6,3,ENISLE,ENSILE,SENILE
6,3,ENROLS,LONERS,NEROLS
6,3,ENTAIL,TENAIL,TINEAL
6,3,ENVIER,VEINER,VENIRE
6,3,EPHORS,HOPERS,POSHER
6,3,EPICAL,PLAICE,PLICAE
6,3,ERASED,RESEDA,SEARED
6,3,ERINGO,IGNORE,REGION
6,3,ESPIES,PEISES,SPEISE
6,3,ESTRAY,STAYER,YAREST
6,3,ETAMIN,INMATE,TAMEIN
6,3,ETHERS,THERES,THREES
6,3,EVILLY,LIVELY,VILELY
6,3,EXISTS,SEXIST,SIXTES
6,3,FALSER,FARLES,FLARES
6,3,FATHER,HAFTER,TREFAH
6,3,FEEDER,REEFED,REFEED
6,3,FEINTS,FINEST,INFEST
6,3,FERULE,FUELER,REFUEL
6,3,FILTER,LIFTER,TRIFLE
6,3,FIRTHS,FRITHS,SHRIFT
6,3,FLOWED,FOWLED,WOLFED
6,3,FREERS,FRERES,REFERS
6,3,GAINST,GIANTS,SATING
6,3,GAMIER,MAIGRE,MIRAGE
6,3,GANGER,GRANGE,NAGGER
6,3,GARGLE,LAGGER,RAGGLE
6,3,GARRED,GRADER,REGARD
6,3,GARRET,GARTER,GRATER
6,3,GELDER,LEDGER,REDLEG
6,3,GHOULS,LOUGHS,SLOUGH
6,3,GIPONS,PINGOS,POSING
6,3,GIRDED,GRIDED,RIDGED
6,3,GIRTHS,GRITHS,RIGHTS
6,3,GRATIN,RATING,TARING
6,3,GRUDGE,GURGED,RUGGED
6,3,HADJIS,JADISH,JIHADS
6,3,HALEST,HASLET,LATHES
6,3,HALTER,LATHER,THALER
6,3,HASTEN,SNATHE,THANES
6,3,HAWSER,REWASH,WASHER
6,3,HEISTS,SHIEST,THESIS
6,3,HELIOS,HOLIES,ISOHEL
6,3,HEWERS,SHEWER,WHERES
6,3,HIKERS,SHRIEK,SHRIKE
6,3,HIRSEL,HIRSLE,RELISH
6,3,HISSER,SHIERS,SHIRES
6,3,HOLIST,LITHOS,THIOLS
6,3,HORSES,SHOERS,SHORES
6,3,HOVERS,SHOVER,SHROVE
6,3,IDLERS,SIDLER,SLIDER
6,3,INANES,INSANE,SIENNA
6,3,INCEST,INSECT,NICEST
6,3,INDUES,NUDIES,UNDIES
6,3,INGEST,SIGNET,TINGES
6,3,INGOTS,STINGO,TIGONS
6,3,INKLES,LIKENS,SILKEN
6,3,INNERS,RENINS,SINNER
6,3,IRONES,NOSIER,SENIOR
6,3,ISOMER,MOIRES,RIMOSE
6,3,KILNED,KINDLE,LINKED
6,3,KISSER,KRISES,SKIERS
6,3,KITSCH,SHTICK,THICKS
6,3,LADDER,LARDED,RADDLE
6,3,LAMEST,METALS,SAMLET
6,3,LAMING,LINGAM,MALIGN
6,3,LAPINS,PLAINS,SPINAL
6,3,LAPSER,PARLES,PEARLS
6,3,LATENT,LATTEN,TALENT
6,3,LAYERS,RELAYS,SLAYER
6,3,LAYMEN,MEANLY,NAMELY
6,3,LEFTER,REFLET,TELFER
6,3,LEGMAN,MANGEL,MANGLE
6,3,LEMONS,MELONS,SOLEMN
6,3,LENTOS,STOLEN,TELSON
6,3,LESSOR,LOSERS,SORELS
6,3,LEVINS,LIVENS,SNIVEL
6,3,LEWDER,REWELD,WELDER
6,3,LIMPER,PRELIM,RIMPLE
6,3,LINEUP,LUPINE,UNPILE
6,3,LISPER,PERILS,PLIERS
6,3,LIVERY,LIVYER,VERILY
6,3,LOADER,ORDEAL,RELOAD
6,3,LOMENT,MELTON,MOLTEN
6,3,LOOPED,POODLE,POOLED
6,3,LOOSED,OODLES,SOLOED
6,3,LOOTED,TOLEDO,TOOLED
6,3,LOOTER,RETOOL,TOOLER
6,3,LOUVER,LOUVRE,VELOUR
6,3,LOWERS,ROWELS,SLOWER
6,3,LOWEST,OWLETS,TOWELS
6,3,LUTEUM,MUTUEL,MUTULE
6,3,LYINGS,LYSING,SINGLY
6,3,MAILES,MESIAL,SAMIEL
6,3,MALATE,MEATAL,TAMALE
6,3,MANSES,MENSAS,MESSAN
6,3,MAPPER,PAMPER,PREAMP
6,3,MARSES,MASERS,SMEARS
6,3,MATEYS,MAYEST,STEAMY
6,3,MEETER,REMEET,TEEMER
6,3,METIER,REEMIT,RETIME
6,3,MINUET,MINUTE,MUTINE
6,3,MISATE,MISEAT,SAMITE
6,3,MISLED,SLIMED,SMILED
6,3,MISSEL,SLIMES,SMILES
6,3,MODERN,NORMED,RODMEN
6,3,MOTETS,MOTTES,TOTEMS
6,3,NAIVER,RAVINE,VAINER
6,3,NAIVES,NAVIES,SAVINE
6,3,NODOSE,NOOSED,ODEONS
6,3,NORITE,ORIENT,TONIER
6,3,OARING,ONAGRI,ORIGAN
6,3,ODYLES,YODELS,YODLES
6,3,OLDIES,SILOED,SOILED
6,3,OPTICS,PICOTS,TOPICS
6,3,ORPINS,PRISON,SPINOR
6,3,OTTARS,STATOR,TAROTS
6,3,OTTERS,TORTES,TOTERS
6,3,OUGHTS,SOUGHT,TOUGHS
6,3,OYSTER,STOREY,TOYERS
6,3,PALTRY,PARTLY,RAPTLY
6,3,PANTED,PEDANT,PENTAD
6,3,PANTIE,PATINE,PINETA
6,3,PAPERY,PREPAY,YAPPER
6,3,PAROLS,POLARS,SPORAL
6,3,PAROUS,SAPOUR,UPSOAR
6,3,PARTAN,TARPAN,TRAPAN
6,3,PARTON,PATRON,TARPON
6,3,PASHES,PHASES,SHAPES
6,3,PASTES,SPATES,STAPES
6,3,PASTIL,PLAITS,SPITAL
6,3,PATINA,PINATA,TAIPAN
6,3,PENSIL,SPINEL,SPLINE
6,3,PERSES,SPEERS,SPREES
6,3,PERUSE,PUREES,RUPEES
6,3,PESTER,PETERS,PRESET
6,3,PHYTON,PYTHON,TYPHON
6,3,PIECER,PIERCE,RECIPE
6,3,PILOTS,PISTOL,SPOILT
6,3,PISSES,SEPSIS,SPEISS
6,3,PORTER,PRETOR,REPORT
6,3,POSERS,PROSES,SPORES
6,3,PRECIS,PRICES,SPICER
6,3,PREWAR,REWRAP,WARPER
6,3,PRIMES,SIMPER,SPIREM
6,3,PROSER,REPROS,ROPERS
6,3,PROSIT,RIPOST,TRIPOS
6,3,PROSOS,SOPORS,SPOORS
6,3,PUNIER,PURINE,UNRIPE
6,3,PUNTOS,PUTONS,UNSTOP
6,3,PURSES,SPRUES,SUPERS
6,3,QUIRES,RISQUE,SQUIRE
6,3,QUOTER,ROQUET,TORQUE
6,3,RASHES,SHARES,SHEARS
6,3,RATINE,RETAIN,RETINA
6,3,RATTAN,TANTRA,TARTAN
6,3,RATTED,TARTED,TETRAD
6,3,REDANS,SANDER,SNARED
6,3,REIVER,RIEVER,VERIER
6,3,REPINS,RIPENS,SNIPER
6,3,RESHOW,SHOWER,WHORES
6,3,RESORT,ROSTER,SORTER
6,3,RETAIL,RETIAL,TAILER
6,3,REVERS,SERVER,VERSER
6,3,RIDENT,TINDER,TRINED
6,3,RITTER,TERRIT,TRITER
6,3,ROUSTS,STOURS,TUSSOR
6,3,RUMBAS,SAMBUR,UMBRAS
6,3,SACHEM,SAMECH,SCHEMA
6,3,SAINTS,SATINS,STAINS
6,3,SALVES,SLAVES,VALSES
6,3,SANTOL,TALONS,TOLANS
6,3,SEATED,SEDATE,TEASED
6,3,SEISER,SERIES,SIREES
6,3,SENORS,SENSOR,SNORES
6,3,SERVES,SEVERS,VERSES
6,3,SESTET,TESTES,TSETSE
6,3,SETUPS,STUPES,UPSETS
6,3,SHIRTY,THYRSI,YIRTHS
6,3,SHUTES,TUSHES,TUSSEH
6,3,SISTRA,SITARS,STAIRS
6,3,SKATED,STAKED,TASKED
6,3,SKATES,STAKES,STEAKS
6,3,SKEANS,SNAKES,SNEAKS
6,3,SLEETS,STEELS,STELES
6,3,SMITES,STIMES,TMESIS
6,3,SONNET,TENONS,TONNES
6,3,SORTIE,TORIES,TRIOSE
6,3,STADES,STEADS,TSADES
6,3,STATES,TASSET,TASTES
6,3,STOKER,STROKE,TROKES
6,3,STRAWY,SWARTY,WASTRY
6,3,STRUTS,STURTS,TRUSTS
6,3,SUTRAS,TARSUS,TUSSAR
6,3,SWARTH,THRAWS,WRATHS
6,3,SWEATS,TAWSES,WASTES
6,3,SWITHE,WHITES,WITHES
6,3,TAINTS,TANIST,TITANS
6,3,TAWSED,WADSET,WASTED
6,3,TENIAS,TINEAS,TISANE
6,3,TENUIS,UNITES,UNTIES
6,3,TEPHRA,TERAPH,THREAP
6,3,TWIERS,WRIEST,WRITES
6,3,WANDER,WARDEN,WARNED
6,3,WHITER,WITHER,WRITHE
7,8,ANESTRI,NASTIER,RATINES,RETAINS,RETINAS,RETSINA,STAINER,STEARIN
7,8,EARINGS,ERASING,GAINERS,REAGINS,REGAINS,REGINAS,SEARING,SERINGA
7,7,ARIDEST,ASTRIDE,DIASTER,DISRATE,STAIDER,TARDIES,TIRADES
7,7,ARTIEST,ARTISTE,ATTIRES,IRATEST,RATITES,STRIATE,TASTIER
7,7,EMPIRES,EMPRISE,EPIMERS,IMPRESE,PREMIES,PREMISE,SPIREME
7,7,ESPRITS,PERSIST,PRIESTS,SPRIEST,SPRITES,STIRPES,STRIPES
7,7,ESTROUS,OESTRUS,OUSTERS,SOUREST,SOUTERS,STOURES,TUSSORE
7,6,ASPIRER,PARRIES,PRAISER,RAPIERS,RASPIER,REPAIRS
7,6,CANTERS,NECTARS,RECANTS,SCANTER,TANRECS,TRANCES
7,6,CARPELS,CLASPER,PARCELS,PLACERS,RECLASP,SCALPER
7,6,CLAROES,COALERS,ESCOLAR,ORACLES,RECOALS,SOLACER
7,6,DEARTHS,HARDEST,HARDSET,HATREDS,THREADS,TRASHED
7,6,DEPOSIT,DOPIEST,PODITES,POSITED,SOPITED,TOPSIDE
7,6,EASTERS,RESEATS,SEAREST,SEATERS,TEASERS,TESSERA
7,6,EASTING,EATINGS,INGATES,INGESTA,SEATING,TEASING
7,6,ELASTIN,ENTAILS,NAILSET,SALIENT,SALTINE,TENAILS
7,6,HECTORS,ROCHETS,ROTCHES,TOCHERS,TORCHES,TROCHES
7,6,LUSTERS,LUSTRES,RESULTS,RUSTLES,SUTLERS,ULSTERS
7,6,PALTERS,PERSALT,PLASTER,PLATERS,PSALTER,STAPLER
7,6,PARTIES,PASTIER,PIASTER,PIASTRE,PIRATES,TRAIPSE
7,6,PETROUS,POSTURE,POUTERS,PROTEUS,SPOUTER,TROUPES
7,6,REALIST,RETAILS,SALTIER,SALTIRE,SLATIER,TAILERS
7,6,RECEPTS,RESPECT,SCEPTER,SCEPTRE,SPECTER,SPECTRE
7,5,AGINNER,EARNING,ENGRAIN,GRANNIE,NEARING
7,5,AIGRETS,GAITERS,SEAGIRT,STAGIER,TRIAGES
7,5,AIRLESS,RESAILS,SAILERS,SERAILS,SERIALS
7,5,ALBITES,BASTILE,BESTIAL,BLASTIE,STABILE
7,5,ALIGNER,ENGRAIL,NARGILE,REALIGN,REGINAL
7,5,ALIPEDS,ELAPIDS,LAPIDES,PALSIED,PLEIADS
7,5,AMBLERS,BLAMERS,LAMBERS,MARBLES,RAMBLES
7,5,ANGERED,DERANGE,ENRAGED,GRANDEE,GRENADE
7,5,ANGRIER,EARRING,GRAINER,RANGIER,REARING
7,5,ARCUSES,CAUSERS,CESURAS,SAUCERS,SUCRASE
7,5,ARPENTS,ENTRAPS,PARENTS,PASTERN,TREPANS
7,5,ASPIRES,PARESIS,PARISES,PRAISES,SPIREAS
7,5,ATTUNES,NUTATES,TAUTENS,TETANUS,UNSTATE
7,5,BOASTER,BOATERS,BORATES,REBATOS,SORBATE
7,5,CHEATER,HECTARE,RECHEAT,RETEACH,TEACHER
7,5,CORSETS,COSTERS,ESCORTS,SCOTERS,SECTORS
7,5,DEMERIT,DIMETER,MERITED,MITERED,RETIMED
7,5,DERRIES,DESIRER,REDRIES,RESIDER,SERRIED
7,5,DESTAIN,DETAINS,INSTEAD,SAINTED,STAINED
7,5,DINEROS,INDORSE,ORDINES,ROSINED,SORDINE
7,5,EAGLETS,GELATES,LEGATES,SEGETAL,TELEGAS
7,5,EARLESS,LEASERS,RESALES,RESEALS,SEALERS
7,5,EDITORS,SORTIED,STEROID,STORIED,TRIODES
7,5,ENVIERS,INVERSE,VEINERS,VENIRES,VERSINE
7,5,ERODING,GROINED,IGNORED,NEGROID,REDOING
7,5,ESCARPS,PARSECS,SCRAPES,SECPARS,SPACERS
7,5,GILDERS,GIRDLES,GLIDERS,REGILDS,RIDGELS
7,5,HALTERS,HARSLET,LATHERS,SLATHER,THALERS
7,5,HOOTERS,RESHOOT,SHEROOT,SHOOTER,SOOTHER
7,5,INTREAT,ITERANT,NATTIER,NITRATE,TERTIAN
7,5,LATRINE,RATLINE,RELIANT,RETINAL,TRENAIL
7,5,LAVEERS,LEAVERS,REVEALS,SEVERAL,VEALERS
7,5,LEVIERS,RELIVES,REVILES,SERVILE,VEILERS
7,5,PARLEYS,PARSLEY,PLAYERS,REPLAYS,SPARELY
7,5,RECUSED,REDUCES,RESCUED,SECURED,SEDUCER
7,5,RETESTS,SETTERS,STREETS,TERSEST,TESTERS
7,5,ROSIEST,SORITES,SORTIES,STORIES,TRIOSES
7,4,ABIDERS,BRAISED,DARBIES,SEABIRD
7,4,ADHERES,HEADERS,HEARSED,SHEARED
7,4,ADMIRES,MISREAD,SEDARIM,SIDEARM
7,4,ALERTED,ALTERED,RELATED,TREADLE
7,4,ALERTER,ALTERER,REALTER,RELATER
7,4,ALLERGY,GALLERY,LARGELY,REGALLY
7,4,ANOSMIC,CAMIONS,MANIOCS,MASONIC
7,4,ANTLERS,RENTALS,SALTERN,STERNAL
7,4,APLITES,PALIEST,PLATIES,TALIPES
7,4,APRONED,OPERAND,PADRONE,PANDORE
7,4,ARBORED,BOARDER,BROADER,REBOARD
7,4,ARTLESS,LASTERS,SALTERS,SLATERS
7,4,ASHLESS,HASSELS,HASSLES,SLASHES
7,4,ASPIRED,DESPAIR,DIAPERS,PRAISED
7,4,ATINGLE,ELATING,GELATIN,GENITAL
7,4,BAITERS,BARITES,REBAITS,TERBIAS
7,4,BERATED,DEBATER,REBATED,TABERED
7,4,BRUNETS,BUNTERS,BURNETS,SUBRENT
7,4,BURBLES,LUBBERS,RUBBLES,SLUBBER
7,4,CALLERS,CELLARS,RECALLS,SCLERAL
7,4,CAPITOL,COALPIT,OPTICAL,TOPICAL
7,4,CARLESS,CLASSER,SCALERS,SCLERAS
7,4,CARPETS,PREACTS,PRECAST,SPECTRA
7,4,CARTELS,CLARETS,CRESTAL,SCARLET
7,4,CATERED,CERATED,CREATED,REACTED
7,4,CATERER,RECRATE,RETRACE,TERRACE
7,4,CENSUAL,LACUNES,LAUNCES,UNLACES
7,4,CEREALS,RELACES,RESCALE,SCLERAE
7,4,CERUSES,RECUSES,RESCUES,SECURES
7,4,CHEEROS,COHERES,ECHOERS,RECHOSE
7,4,CIRROSE,CORRIES,CROSIER,ORRICES
7,4,CITADEL,DELTAIC,DIALECT,EDICTAL
7,4,CITRINE,CRINITE,INCITER,NERITIC
7,4,CLAIMED,DECIMAL,DECLAIM,MEDICAL
7,4,CLEARED,CREEDAL,DECLARE,RELACED
7,4,COINERS,CRONIES,ORCEINS,RECOINS
7,4,COLTERS,CORSLET,COSTREL,LECTORS
7,4,CORNUTE,COUNTER,RECOUNT,TROUNCE
7,4,DANGLES,GLANDES,LAGENDS,SLANGED
7,4,DARNELS,LANDERS,SLANDER,SNARLED
7,4,DARTERS,RETARDS,STARRED,TRADERS
7,4,DAUNTER,NATURED,UNRATED,UNTREAD
7,4,DERAIGN,GRADINE,GRAINED,READING
7,4,DERIVES,DEVISER,DIVERSE,REVISED
7,4,DESPOIL,DIPLOES,DIPOLES,SPOILED
7,4,DETOURS,DOUREST,REDOUTS,ROUSTED
7,4,DEVISOR,DEVOIRS,VISORED,VOIDERS
7,4,DIOPTER,DIOPTRE,PERIDOT,PROTEID
7,4,DOUBTER,OBTRUDE,OUTBRED,REDOUBT
7,4,DRAWERS,REDRAWS,REWARDS,WARDERS
7,4,DREEING,ENERGID,REEDING,REIGNED
7,4,DURAMEN,MANURED,MAUNDER,UNARMED
7,4,ELATERS,REALEST,RELATES,STEALER
7,4,ENDUROS,RESOUND,SOUNDER,UNDOERS
7,4,ENLISTS,LISTENS,SILENTS,TINSELS
7,4,ENTASES,SATEENS,SENATES,SENSATE
7,4,ENTASIS,SESTINA,TANSIES,TISANES
7,4,ENTERER,REENTER,TERREEN,TERRENE
7,4,ERETHIC,ETHERIC,HERETIC,TECHIER
7,4,ERINGOS,IGNORES,REGIONS,SIGNORE
7,4,EROTISM,MOISTER,MORTISE,TRISOME
7,4,ESPIALS,LAPISES,LIPASES,PALSIES
7,4,FERLIES,REFILES,REFLIES,RELIEFS
7,4,FILTERS,LIFTERS,STIFLER,TRIFLES
7,4,FINDERS,FRIENDS,REDFINS,REFINDS
7,4,FLOWERS,FOWLERS,REFLOWS,WOLFERS
7,4,GAGSTER,GARGETS,STAGGER,TAGGERS
7,4,GASTRIN,GRATINS,RATINGS,STARING
7,4,GINGERS,NIGGERS,SERGING,SNIGGER
7,4,GRANITE,INGRATE,TANGIER,TEARING
7,4,GRANTEE,GREATEN,NEGATER,REAGENT
7,4,GUNSHOT,HOGNUTS,NOUGHTS,SHOTGUN
7,4,HASPING,PASHING,PHASING,SHAPING
7,4,IMARETS,MAESTRI,MISRATE,SMARTIE
7,4,IMPALER,IMPEARL,LEMPIRA,PALMIER
7,4,IMPRESS,PREMISS,SIMPERS,SPIREMS
7,4,INGRESS,RESIGNS,SIGNERS,SINGERS
7,4,INTRUDE,TURDINE,UNTIRED,UNTRIED
7,4,LASCARS,RASCALS,SACRALS,SCALARS
7,4,LASTING,SALTING,SLATING,STALING
7,4,LEAPERS,PLEASER,RELAPSE,REPEALS
7,4,LETTERS,SETTLER,STERLET,TRESTLE
7,4,LIMPERS,PRELIMS,RIMPLES,SIMPLER
7,4,LINEUPS,LUPINES,SPINULE,UNPILES
7,4,LISPING,PILINGS,SLIPING,SPILING
7,4,MAINTOP,PTOMAIN,TAMPION,TIMPANO
7,4,MELTERS,REMELTS,RESMELT,SMELTER
7,4,METIERS,REEMITS,RETIMES,TRISEME
7,4,MINUETS,MINUTES,MISTUNE,MUTINES
7,4,MISEATS,MISSEAT,SAMITES,TAMISES
7,4,NEUTERS,RETUNES,TENURES,TUREENS
7,4,NORITES,OESTRIN,ORIENTS,STONIER
7,4,OPENEST,PENTOSE,POSTEEN,POTEENS
7,4,OUSTING,OUTINGS,OUTSING,TOUSING
7,4,OUTGRIN,OUTRING,ROUTING,TOURING
7,4,PANTIES,PATINES,SAPIENT,SPINATE
7,4,PARINGS,PARSING,RASPING,SPARING
7,4,PARSERS,RASPERS,SPARERS,SPARSER
7,4,PASTINA,PATINAS,PINATAS,TAIPANS
7,4,PELTERS,PETRELS,RESPELT,SPELTER
7,4,PENSTER,PRESENT,REPENTS,SERPENT
7,4,PERRIES,PRISERE,REPRISE,RESPIRE
7,4,PIECERS,PIERCES,PRECISE,RECIPES
7,4,PORTERS,PRETORS,REPORTS,SPORTER
7,4,QUESTOR,QUOTERS,ROQUETS,TORQUES
7,4,RACKETS,RESTACK,STACKER,TACKERS
7,4,RESERVE,REVERES,REVERSE,SEVERER
7,4,RILLETS,STILLER,TILLERS,TRELLIS
7,4,ROUSTER,ROUTERS,TOURERS,TROUSER
7,4,RUINATE,TAURINE,URANITE,URINATE
7,4,SKATING,STAKING,TAKINGS,TASKING
7,4,WAISTER,WAITERS,WARIEST,WASTRIE
7,3,ABORTED,BORATED,TABORED
7,3,ABREACT,BEARCAT,CABARET
7,3,ABSCISE,SCABIES,SEBASIC
7,3,ABUSERS,RUBASSE,SURBASE
7,3,ACARIDS,ASCARID,CARDIAS
7,3,ACRASIN,ARNICAS,CARINAS
7,3,ACTIONS,ATONICS,CATIONS
7,3,ACTRESS,CASTERS,RECASTS
7,3,ADEPTER,PREDATE,TAPERED
7,3,AETHERS,HEATERS,REHEATS
7,3,AGGRESS,SAGGERS,SEGGARS
7,3,AIMLESS,SAMIELS,SEISMAL
7,3,AIRINGS,ARISING,RAISING
7,3,ALBATAS,ATABALS,BALATAS
7,3,ALIGNED,DEALING,LEADING
7,3,ALPINES,SPANIEL,SPLENIA
7,3,AMBLING,BLAMING,LAMBING
7,3,AMENDER,MEANDER,RENAMED
7,3,AMERCED,CREAMED,RACEMED
7,3,AMNIONS,MANSION,ONANISM
7,3,AMUSERS,ASSUMER,MASSEUR
7,3,ANCHORS,ARCHONS,RANCHOS
7,3,ANELING,EANLING,LEANING
7,3,ANGELIC,ANGLICE,GALENIC
7,3,ANGELUS,LAGUNES,LANGUES
7,3,ANIMALS,LAMINAS,MANILAS
7,3,ANIMIST,INTIMAS,SANTIMI
7,3,ANLAGES,GALENAS,LASAGNE
7,3,ANOINTS,NATIONS,ONANIST
7,3,ANOPIAS,ANOPSIA,PAISANO
7,3,ANTEING,ANTIGEN,GENTIAN
7,3,ANTIARS,ARTISAN,TSARINA
7,3,APPULSE,PAPULES,UPLEAPS
7,3,ARCHING,CHAGRIN,CHARING
7,3,ARCKING,CARKING,RACKING
7,3,ARGENTS,GARNETS,STRANGE
7,3,ARISTAE,ASTERIA,ATRESIA
7,3,ARMFULS,ARMSFUL,FULMARS
7,3,ARMLETS,LAMSTER,TRAMELS
7,3,ARMPITS,IMPARTS,MISPART
7,3,ARRESTS,RASTERS,STARERS
7,3,ARRISES,RAISERS,SIERRAS
7,3,ARTISTS,STRAITS,TSARIST
7,3,ASCENTS,SECANTS,STANCES
7,3,ASHLERS,LASHERS,SLASHER
7,3,ASPERSE,PARESES,SERAPES
7,3,ASRAMAS,SAMARAS,SAMSARA
7,3,ATHIRST,RATTISH,TARTISH
7,3,ATOMICS,OSMATIC,SOMATIC
7,3,ATONERS,SENATOR,TREASON
7,3,ATTRITE,TATTIER,TITRATE
7,3,ATTUNED,NUTATED,TAUNTED
7,3,AVOWERS,OVERSAW,REAVOWS
7,3,BABBLER,BLABBER,BRABBLE
7,3,BALDEST,BLASTED,STABLED
7,3,BARBELS,RABBLES,SLABBER
7,3,BARBETS,RABBETS,STABBER
7,3,BASEMEN,BEMEANS,BENAMES
7,3,BASTION,BONITAS,OBTAINS
7,3,BATHERS,BERTHAS,BREATHS
7,3,BATTLER,BLATTER,BRATTLE
7,3,BEADMEN,BEDEMAN,BENAMED
7,3,BEATERS,BERATES,REBATES
7,3,BECHARM,BRECHAM,CHAMBER
7,3,BEDRAIL,BRAILED,RIDABLE
7,3,BEDROOM,BOREDOM,BROOMED
7,3,BEDRUGS,BUDGERS,REDBUGS
7,3,BEMIRES,BERIMES,BIREMES
7,3,BESTIRS,BISTERS,BISTRES
7,3,BIMETAL,LIMBATE,TIMBALE
7,3,BLASTER,LABRETS,STABLER
7,3,BLISTER,BRISTLE,RIBLETS
7,3,BLUSTER,BUTLERS,SUBTLER
7,3,BOLSTER,BOLTERS,LOBSTER
7,3,BOULLES,LOBULES,SOLUBLE
7,3,BOUNDER,REBOUND,UNROBED
7,3,BOURNES,UNROBES,UNSOBER
7,3,BRIEFED,DEBRIEF,FIBERED
7,3,BUGLERS,BULGERS,BURGLES
7,3,CACKLER,CLACKER,CRACKLE
7,3,CAISSON,CASINOS,CASSINO
7,3,CALKERS,LACKERS,SLACKER
7,3,CALORIE,CARIOLE,LORICAE
7,3,CAMERAL,CARAMEL,CERAMAL
7,3,CANALED,CANDELA,DECANAL
7,3,CANTHUS,CHAUNTS,STAUNCH
7,3,CANTLES,CENTALS,LANCETS
7,3,CANTORS,CARTONS,CRATONS
7,3,CAPELIN,PANICLE,PELICAN
7,3,CAPSTAN,CAPTANS,CATNAPS
7,3,CAREENS,CASERNE,RECANES
7,3,CARGOES,CORSAGE,SOCAGER
7,3,CAROLUS,OCULARS,OSCULAR
7,3,CARPERS,SCARPER,SCRAPER
7,3,CARTERS,CRATERS,TRACERS
7,3,CARTING,CRATING,TRACING
7,3,CAVILER,CLAVIER,VALERIC
7,3,CENSERS,SCREENS,SECERNS
7,3,CENTARE,CRENATE,REENACT
7,3,CENTERS,CENTRES,TENRECS
7,3,CERATES,CREATES,ECARTES
7,3,CERATIN,CERTAIN,CREATIN
7,3,CERIPHS,CIPHERS,SPHERIC
7,3,CERITES,RECITES,TIERCES
7,3,CESSION,COSINES,OSCINES
7,3,CHALETS,LATCHES,SATCHEL
7,3,CHARISM,CHIMARS,CHRISMA
7,3,CHASERS,CRASHES,ESCHARS
7,3,CHASTER,RACHETS,RATCHES
7,3,CHINING,INCHING,NICHING
7,3,CHOKERS,HOCKERS,SHOCKER
7,3,CHOLERA,CHORALE,CHOREAL
7,3,CHOREAS,ORACHES,ROACHES
7,3,CHOUSED,DOUCHES,HOCUSED
7,3,CINDERS,DISCERN,RESCIND
7,3,CISTRON,CITRONS,CORTINS
7,3,CLAIMER,MIRACLE,RECLAIM
7,3,CLARIES,ECLAIRS,SCALIER
7,3,CLEANSE,ENLACES,SCALENE
7,3,CLOTURE,CLOUTER,COULTER
7,3,CLUSTER,CUTLERS,RELUCTS
7,3,COARSEN,CORNEAS,NARCOSE
7,3,CONTOUR,CORNUTO,CROUTON
7,3,COPULAS,CUPOLAS,SCOPULA
7,3,CORNICE,CROCEIN,CROCINE
7,3,CORVETS,COVERTS,VECTORS
7,3,COURSES,SOURCES,SUCROSE
7,3,COUTHER,RETOUCH,TOUCHER
7,3,CREPIER,PIERCER,REPRICE
7,3,CRESIVE,SCRIEVE,SERVICE
7,3,CRESSET,RESECTS,SECRETS
7,3,CRISPEN,PINCERS,PRINCES
7,3,CRISTAE,RACIEST,STEARIC
7,3,CROSSER,RECROSS,SCORERS
7,3,CURTEST,CUTTERS,SCUTTER
7,3,CUTLETS,CUTTLES,SCUTTLE
7,3,CUTLINE,LINECUT,TUNICLE
7,3,DABBLER,DRABBLE,RABBLED
7,3,DAEMONS,MASONED,MONADES
7,3,DAILIES,LIAISED,SEDILIA
7,3,DALLIER,DIALLER,RALLIED
7,3,DANGERS,GANDERS,GARDENS
7,3,DASHIER,HARDIES,SHADIER
7,3,DAWDLER,DRAWLED,WADDLER
7,3,DAWDLES,SWADDLE,WADDLES
7,3,DEADEST,SEDATED,STEADED
7,3,DEAFEST,DEFEATS,FEASTED
7,3,DEAREST,REDATES,SEDATER
7,3,DEBONER,ENROBED,REDBONE
7,3,DECANTS,DESCANT,SCANTED
7,3,DECREES,RECEDES,SECEDER
7,3,DECRIAL,RADICEL,RADICLE
7,3,DEFILER,FIELDER,REFILED
7,3,DEIFIER,EDIFIER,REIFIED
7,3,DELAYER,LAYERED,RELAYED
7,3,DELETES,SLEETED,STEELED
7,3,DELIVER,RELIVED,REVILED
7,3,DEMIREP,EPIDERM,IMPEDER
7,3,DENIERS,NEREIDS,RESINED
7,3,DENTINS,INDENTS,INTENDS
7,3,DENTIST,DISTENT,STINTED
7,3,DENTURE,RETUNED,TENURED
7,3,DENUDES,DUDEENS,DUENDES
7,3,DEPAINT,PAINTED,PATINED
7,3,DEPORTS,REDTOPS,SPORTED
7,3,DEPRAVE,PERVADE,REPAVED
7,3,DERIDES,DESIRED,RESIDED
7,3,DESERTS,DESSERT,TRESSED
7,3,DEWATER,TARWEED,WATERED
7,3,DIESELS,IDLESSE,SEIDELS
7,3,DIESTER,DIETERS,REEDITS
7,3,DIETING,EDITING,IGNITED
7,3,DINGLES,ENGILDS,SINGLED
7,3,DIPTERA,PARTIED,PIRATED
7,3,DISHING,HIDINGS,SHINDIG
7,3,DOMINES,EMODINS,MISDONE
7,3,DONATOR,ODORANT,TORNADO
7,3,DOTTELS,DOTTLES,SLOTTED
7,3,DOWRIES,ROWDIES,WEIRDOS
7,3,DROGUES,GOURDES,GROUSED
7,3,DUELING,ELUDING,INDULGE
7,3,DUFFELS,DUFFLES,SLUFFED
7,3,DUSTPAN,STANDUP,UPSTAND
7,3,EARFULS,FERULAS,REFUSAL
7,3,EARNEST,EASTERN,NEAREST
7,3,EARPLUG,GRAUPEL,PLAGUER
7,3,EIGHTHS,HEIGHTS,HIGHEST
7,3,ELAPSED,PLEASED,SEPALED
7,3,ELASTIC,LACIEST,LATICES
7,3,ELISION,ISOLINE,LIONISE
7,3,ELITISM,LIMIEST,LIMITES
7,3,ELOIGNS,LEGIONS,LINGOES
7,3,EMANATE,ENEMATA,MANATEE
7,3,EMERITA,EMIRATE,MEATIER
7,3,EMIGRES,REGIMES,REMIGES
7,3,ENCASES,SEANCES,SENECAS
7,3,ENGRAMS,GERMANS,MANGERS
7,3,ENIGMAS,GAMINES,SEAMING
7,3,ENISLED,ENSILED,LINSEED
7,3,ENISLES,ENSILES,SENILES
7,3,ENLARGE,GENERAL,GLEANER
7,3,ENTERAL,ETERNAL,TELERAN
7,3,ENTIRES,ENTRIES,TRIENES
7,3,ENTREAT,RATTEEN,TERNATE
7,3,ENTREES,RETENES,TEENERS
7,3,ENWRAPS,PAWNERS,SPAWNER
7,3,EOLITHS,HOLIEST,HOSTILE
7,3,ESPARTO,PROTEAS,SEAPORT
7,3,ESSOINS,OSSEINS,SESSION
7,3,ESTREAT,RESTATE,RETASTE
7,3,ESTRINS,INSERTS,SINTERS
7,3,ESTRIOL,LOITERS,TOILERS
7,3,ETAMINS,INMATES,TAMEINS
7,3,ETHYLIC,LECYTHI,TECHILY
7,3,EVILEST,LIEVEST,VELITES
7,3,FANCIES,FASCINE,FIANCES
7,3,FARTING,INGRAFT,RAFTING
7,3,FEIGNER,FREEING,REEFING
7,3,FELSITE,LEFTIES,LIEFEST
7,3,FERRIED,REFIRED,REFRIED
7,3,FERRIES,REFIRES,REFRIES
7,3,FERULES,FUELERS,REFUELS
7,3,FIGHTER,FREIGHT,REFIGHT
7,3,FISHERS,SERFISH,SHERIFS
7,3,FLANEUR,FRENULA,FUNERAL
7,3,FLOODER,FLOORED,REFLOOD
7,3,FLOWING,FOWLING,WOLFING
7,3,FLUSTER,FLUTERS,RESTFUL
7,3,FRANTIC,INFARCT,INFRACT
7,3,FRATERS,RAFTERS,STRAFER
7,3,GALLATE,GALLETA,TALLAGE
7,3,GANGERS,GRANGES,NAGGERS
7,3,GARGLES,LAGGERS,RAGGLES
7,3,GAROTES,ORGEATS,STORAGE
7,3,GARRETS,GARTERS,GRATERS
7,3,GATEMAN,MAGENTA,MAGNATE
7,3,GELDERS,LEDGERS,REDLEGS
7,3,GEMMIER,GREMMIE,IMMERGE
7,3,GERMINA,MANGIER,REAMING
7,3,GESTAPO,POSTAGE,POTAGES
7,3,GIRDING,GRIDING,RIDGING
7,3,GLASSIE,LIGASES,SILAGES
7,3,GLISTEN,SINGLET,TINGLES
7,3,GOGLETS,LOGGETS,TOGGLES
7,3,GOITERS,GOITRES,GORIEST
7,3,GURGLES,LUGGERS,SLUGGER
7,3,HATTERS,SHATTER,THREATS
7,3,HAUNTER,UNEARTH,URETHAN
7,3,HAWSERS,SWASHER,WASHERS
7,3,HEARERS,REHEARS,SHEARER
7,3,HEEDERS,HEREDES,SHEERED
7,3,HERIOTS,HOISTER,SHORTIE
7,3,HOLIDAY,HYALOID,HYOIDAL
7,3,HORNETS,SHORTEN,THRONES
7,3,HUSTLES,LUSHEST,SLEUTHS
7,3,IMPETUS,IMPUTES,UPTIMES
7,3,IMPOSER,PROMISE,SEMIPRO
7,3,INCEPTS,INSPECT,PECTINS
7,3,INCUDES,INCUSED,INDUCES
7,3,INGROUP,POURING,ROUPING
7,3,INKLING,KILNING,LINKING
7,3,INLACES,SANICLE,SCALENI
7,3,INROADS,ORDAINS,SADIRON
7,3,INSOLES,LESIONS,LIONESS
7,3,INSTARS,SANTIRS,STRAINS
7,3,INTERIM,MINTIER,TERMINI
7,3,IRATELY,REALITY,TEARILY
7,3,KELTERS,KESTREL,SKELTER
7,3,LACTOSE,LOCATES,TALCOSE
7,3,LADDERS,RADDLES,SADDLER
7,3,LAMENTS,MANTELS,MANTLES
7,3,LAMPERS,PALMERS,SAMPLER
7,3,LAPPERS,RAPPELS,SLAPPER
7,3,LAPSING,PALINGS,SAPLING
7,3,LASSOER,OARLESS,SEROSAL
7,3,LATENTS,LATTENS,TALENTS
7,3,LATESTS,SALTEST,STALEST
7,3,LEASING,LINAGES,SEALING
7,3,LEGGINS,NIGGLES,SNIGGLE
7,3,LENDERS,RELENDS,SLENDER
7,3,LEPROUS,PELORUS,SPORULE
7,3,LICENSE,SELENIC,SILENCE
7,3,LIPPERS,RIPPLES,SLIPPER
7,3,LITTERS,SLITTER,TILTERS
7,3,LOADERS,ORDEALS,RELOADS
7,3,LOGIONS,LOOSING,SOLOING
7,3,LOMENTA,OMENTAL,TELAMON
7,3,LOOTERS,RETOOLS,TOOLERS
7,3,LOTUSES,SOLUTES,TOUSLES
7,3,LOUVERS,LOUVRES,VELOURS
7,3,LUCARNE,NUCLEAR,UNCLEAR
7,3,LUMBERS,RUMBLES,SLUMBER
7,3,LUNIEST,LUTEINS,UTENSIL
7,3,LUSTRED,RUSTLED,STRUDEL
7,3,MAGNETO,MEGATON,MONTAGE
7,3,MAIDENS,MEDIANS,SIDEMAN
7,3,MAILERS,REALISM,REMAILS
7,3,MALATES,MALTASE,TAMALES
7,3,MALINES,MENIALS,SEMINAL
7,3,MANLIER,MARLINE,MINERAL
7,3,MAPPERS,PAMPERS,PREAMPS
7,3,MARACAS,MARASCA,MASCARA
7,3,MARINES,REMAINS,SEMINAR
7,3,MARSHES,MASHERS,SMASHER
7,3,MARTENS,SARMENT,SMARTEN
7,3,MASTICS,MISACTS,MISCAST
7,3,MEDIALS,MISDEAL,MISLEAD
7,3,MEETERS,REMEETS,TEEMERS
7,3,MERISES,MESSIER,REMISES
7,3,MINSTER,MINTERS,REMINTS
7,3,MINTAGE,TEAMING,TEGMINA
7,3,MINUTER,UNMITER,UNMITRE
7,3,MIRIEST,MISTIER,RIMIEST
7,3,MISLIES,MISSILE,SIMILES
7,3,MISMATE,SEMIMAT,TAMMIES
7,3,MISTING,SMITING,TIMINGS
7,3,MISUSER,MUSSIER,SURMISE
7,3,MOLDERS,REMOLDS,SMOLDER
7,3,MONACID,MONADIC,NOMADIC
7,3,MOTHERS,SMOTHER,THERMOS
7,3,NAIVEST,NATIVES,VAINEST
7,3,NEPHRIC,PHRENIC,PINCHER
7,3,NESTORS,STONERS,TENSORS
7,3,NEWSIER,WEINERS,WIENERS
7,3,OBSERVE,OBVERSE,VERBOSE
7,3,OOLITES,OSTIOLE,STOOLIE
7,3,OPERANT,PRONATE,PROTEAN
7,3,ORIGANS,SIGNORA,SOARING
7,3,ORIGINS,SIGNIOR,SIGNORI
7,3,OUTDARE,OUTREAD,READOUT
7,3,OUTSERT,STOUTER,TOUTERS
7,3,PAINTER,PERTAIN,REPAINT
7,3,PAPERER,PREPARE,REPAPER
7,3,PARTANS,TARPANS,TRAPANS
7,3,PARTLET,PLATTER,PRATTLE
7,3,PARTONS,PATRONS,TARPONS
7,3,PASSIVE,PAVISES,SPAVIES
7,3,PASTERS,REPASTS,SPAREST
7,3,PASTIES,PATSIES,TAPISES
7,3,PASTURE,UPSTARE,UPTEARS
7,3,PATTERS,SPATTER,TAPSTER
7,3,PEARTLY,PEYTRAL,PTERYLA
7,3,PENSILS,SPINELS,SPLINES
7,3,PERDUES,PERUSED,SUPERED
7,3,PERTEST,PETTERS,PRETEST
7,3,PHRASES,SERAPHS,SHAPERS
7,3,PHYTONS,PYTHONS,TYPHONS
7,3,PINIEST,PINITES,TIEPINS
7,3,PLEATER,PRELATE,REPLATE
7,3,PLESSOR,SLOPERS,SPLORES
7,3,POINTER,PROTEIN,TROPINE
7,3,POSTERS,PRESTOS,STOPERS
7,3,POTHERS,STROPHE,THORPES
7,3,POTTERS,PROTEST,SPOTTER
7,3,PRESELL,RESPELL,SPELLER
7,3,PRESIDE,SPEIRED,SPIERED
7,3,PUSSIER,SUSPIRE,UPRISES
7,3,RANDIES,SANDIER,SARDINE
7,3,RATTANS,TANTRAS,TARTANS
7,3,RATTERS,RESTART,STARTER
7,3,RATTLES,STARLET,STARTLE
7,3,READERS,REDEARS,REREADS
7,3,REDCAPS,SCARPED,SCRAPED
7,3,REDNESS,RESENDS,SENDERS
7,3,REDOUND,ROUNDED,UNDERDO
7,3,REEVING,REGIVEN,VEERING
7,3,REINTER,RENTIER,TERRINE
7,3,REIVERS,REVISER,RIEVERS
7,3,REKNITS,STINKER,TINKERS
7,3,REPOSIT,RIPOSTE,ROPIEST
7,3,RERISES,SERRIES,SIRREES
7,3,RESIFTS,SIFTERS,STRIFES
7,3,RESORTS,ROSTERS,SORTERS
7,3,RESTAMP,STAMPER,TAMPERS
7,3,RESTOCK,ROCKETS,STOCKER
7,3,RESTUFF,STUFFER,TRUFFES
7,3,RETINTS,STINTER,TINTERS
7,3,RETINUE,REUNITE,UTERINE
7,3,RETIRED,RETRIED,TIREDER
7,3,RETIRES,RETRIES,TERRIES
7,3,RETORTS,ROTTERS,STERTOR
7,3,RETRAIN,TERRAIN,TRAINER
7,3,REVESTS,VERSETS,VERSTES
7,3,REVUIST,STUIVER,VIRTUES
7,3,REWARMS,SWARMER,WARMERS
7,3,RICKETS,STICKER,TICKERS
7,3,ROOSTER,ROOTERS,TOREROS
7,3,ROWDIER,WORDIER,WORRIED
7,3,RUSSETS,TRUSSES,TUSSERS
7,3,SALVERS,SERVALS,SLAVERS
7,3,SEINERS,SEREINS,SERINES
7,3,SERVANT,TAVERNS,VERSANT
7,3,SHUTING,TUSHING,UNSIGHT
7,3,SISTRUM,TRISMUS,TRUISMS
7,3,SKATERS,STRAKES,STREAKS
7,3,SKIRRET,SKIRTER,STRIKER
7,3,SORTING,STORING,TRIGONS
7,3,STARETS,STATERS,TASTERS
7,3,STEWING,TWINGES,WESTING
7,3,STIVERS,STRIVES,VERISTS
7,3,STRETTA,TARTEST,TATTERS
7,3,STRETTI,TITTERS,TRITEST
7,3,SWATHER,THAWERS,WREATHS
7,3,SWELTER,WELTERS,WRESTLE
7,3,SWITHER,WITHERS,WRITHES
7,3,THEATER,THEATRE,THEREAT
7,3,TRAVELS,VARLETS,VESTRAL
7,3,WARSTLE,WASTREL,WRASTLE
7,3,WEATHER,WHEREAT,WREATHE
8,7,ANGRIEST,ASTRINGE,GANISTER,GANTRIES,GRANITES,INGRATES,RANGIEST
8,6,ALERTING,ALTERING,INTEGRAL,RELATING,TANGLIER,TRIANGLE
8,6,ALIGNERS,ENGRAILS,NARGILES,REALIGNS,SIGNALER,SLANGIER
8,6,ESTRANGE,GRANTEES,GREATENS,NEGATERS,REAGENTS,SERGEANT
8,6,PAINTERS,PANTRIES,PERTAINS,PINASTER,PRISTANE,REPAINTS
8,5,ACTINONS,CANONIST,CONTAINS,SANCTION,SONANTIC
8,5,AILMENTS,ALIMENTS,MANLIEST,MELANIST,SMALTINE
8,5,ARIETTES,ITERATES,TEARIEST,TREATIES,TREATISE
8,5,ASSERTOR,ASSORTER,ORATRESS,REASSORT,ROASTERS
8,5,CANISTER,CERATINS,CISTERNA,CREATINS,SCANTIER
8,5,DEMIREPS,EPIDERMS,IMPEDERS,PREMISED,SIMPERED
8,5,DESIGNER,ENERGIDS,REDESIGN,REEDINGS,RESIGNED
8,5,DIOPTERS,DIOPTRES,PERIDOTS,PROTEIDS,RIPOSTED
8,5,ENTRAILS,LATRINES,RATLINES,RETINALS,TRENAILS
8,5,INSERTER,REINSERT,REINTERS,RENTIERS,TERRINES
8,5,LAMENESS,MALENESS,MANELESS,NAMELESS,SALESMEN
8,5,PARTLETS,PLATTERS,PRATTLES,SPLATTER,SPRATTLE
8,5,PASTRIES,PIASTERS,PIASTRES,RASPIEST,TRAIPSES
8,5,RESPECTS,SCEPTERS,SCEPTRES,SPECTERS,SPECTRES
8,5,RESTRAIN,RETRAINS,STRAINER,TERRAINS,TRAINERS
8,4,ABREACTS,BEARCATS,CABARETS,CABRESTA
8,4,AGINNERS,EARNINGS,ENGRAINS,GRANNIES
8,4,ANCIENTS,CANNIEST,INSECTAN,INSTANCE
8,4,ANTHESIS,SHANTIES,SHEITANS,STHENIAS
8,4,ARGENTIC,CATERING,CREATING,REACTING
8,4,ARRESTED,RETREADS,SERRATED,TREADERS
8,4,ARSENITE,RESINATE,STEARINE,TRAINEES
8,4,ARTINESS,RETSINAS,STAINERS,STEARINS
8,4,ASSENTOR,SENATORS,STARNOSE,TREASONS
8,4,ASSERTER,REASSERT,SERRATES,TERRASES
8,4,ATELIERS,EARLIEST,LEARIEST,REALTIES
8,4,BARITONE,OBTAINER,REOBTAIN,TABORINE
8,4,CANTERED,CRENATED,DECANTER,RECANTED
8,4,CATERERS,RECRATES,RETRACES,TERRACES
8,4,CENSORED,ENCODERS,NECROSED,SECONDER
8,4,CENTARES,REASCENT,REENACTS,SARCENET
8,4,CENTIARE,CREATINE,INCREATE,ITERANCE
8,4,CERAMIST,MATRICES,MISTRACE,SCIMETAR
8,4,CHEATERS,HECTARES,RECHEATS,TEACHERS
8,4,CHITTIES,ETHICIST,ITCHIEST,THEISTIC
8,4,CHRISTEN,CITHERNS,CITHRENS,SNITCHER
8,4,COINFERS,CONIFERS,FORENSIC,FORNICES
8,4,CONSTRUE,COUNTERS,RECOUNTS,TROUNCES
8,4,CONTOURS,CORNUTOS,CROUTONS,OUTSCORN
8,4,CORSELET,ELECTORS,ELECTROS,SELECTOR
8,4,CRATERED,RECRATED,RETRACED,TERRACED
8,4,CRISPATE,PARETICS,PICRATES,PRACTISE
8,4,DAMNEDER,DEMANDER,REDEMAND,REMANDED
8,4,DANGERED,DERANGED,GANDERED,GARDENED
8,4,DELIVERS,DESILVER,SILVERED,SLIVERED
8,4,DENTURES,SEDERUNT,UNDERSET,UNRESTED
8,4,DERRISES,DESIRERS,DRESSIER,RESIDERS
8,4,DIESTERS,EDITRESS,RESISTED,SISTERED
8,4,ELASTINS,NAILSETS,SALIENTS,SALTINES
8,4,ELISIONS,ISOLINES,LIONISES,OILINESS
8,4,EMPRISES,IMPRESES,PREMISES,SPIREMES
8,4,ENLISTER,LISTENER,REENLIST,SILENTER
8,4,ENTERERS,REENTERS,TERREENS,TERRENES
8,4,EPISTLER,PELTRIES,PERLITES,REPTILES
8,4,EVILNESS,LIVENESS,VEINLESS,VILENESS
8,4,GENTRIES,INTEGERS,REESTING,STEERING
8,4,HYPNOTIC,PHYTONIC,PYTHONIC,TYPHONIC
8,4,INSETTER,INTEREST,STERNITE,TRIENTES
8,4,INSTATES,NASTIEST,SATINETS,TITANESS
8,4,INTREATS,NITRATES,STRAITEN,TERTIANS
8,4,ISATINES,SANITIES,SANITISE,TENIASIS
8,4,LAMISTER,MARLIEST,MARLITES,MISALTER
8,4,MAGISTER,MIGRATES,RAGTIMES,STERIGMA
8,4,MANGIEST,MINTAGES,MISAGENT,STEAMING
8,4,MERRIEST,MITERERS,RIMESTER,TRIREMES
8,4,OUTGRINS,OUTRINGS,ROUSTING,TOURINGS
8,4,PARABLES,PARSABLE,PREBASAL,SPARABLE
8,4,PARENTAL,PARLANTE,PATERNAL,PRENATAL
8,4,PARROTED,PREDATOR,PRORATED,TEARDROP
8,4,PATHOSES,POTASHES,SPATHOSE,TEASHOPS
8,4,PEDERAST,PREDATES,REPASTED,TRAPESED
8,4,PENSTERS,PERTNESS,PRESENTS,SERPENTS
8,4,PERSALTS,PLASTERS,PSALTERS,STAPLERS
8,4,PROSIEST,REPOSITS,RIPOSTES,TRIPOSES
8,4,RESHOOTS,SHEROOTS,SHOOTERS,SOOTHERS
8,4,RESILVER,REVILERS,SILVERER,SLIVERER
8,4,RETICLES,SCLERITE,TIERCELS,TRISCELE
8,4,RUINATES,TAURINES,URANITES,URINATES
8,4,STICKLER,STRICKLE,TICKLERS,TRICKLES
8,3,ABETTALS,STATABLE,TASTABLE
8,3,ACARINES,CANARIES,CESARIAN
8,3,ACCRUALS,CARACULS,SACCULAR
8,3,ACONITES,CANOEIST,SONICATE
8,3,ACTINIDE,CTENIDIA,INDICATE
8,3,ACTORISH,CHARIOTS,HARICOTS
8,3,ADMIRERS,DISARMER,MARRIEDS
8,3,ADOPTERS,PASTORED,READOPTS
8,3,ADROITLY,DILATORY,IDOLATRY
8,3,AERODUCT,EDUCATOR,OUTRACED
8,3,AGNOSTIC,COASTING,COATINGS
8,3,AGRESTIC,CIGARETS,ERGASTIC
8,3,AIRPOSTS,PROSAIST,PROTASIS
8,3,ALLIANCE,ANCILLAE,CANAILLE
8,3,ALPINIST,PINTAILS,TAILSPIN
8,3,ALTERERS,REALTERS,RELATERS
8,3,ALTRUISM,MURALIST,ULTRAISM
8,3,ALTRUIST,TITULARS,ULTRAIST
8,3,AMERCERS,CREAMERS,SCREAMER
8,3,AMERCING,CREAMING,GERMANIC
8,3,ANERGIAS,ANGARIES,ARGINASE
8,3,ANISETTE,TETANIES,TETANISE
8,3,ANORETIC,CREATION,REACTION
8,3,ANTISERA,RATANIES,SEATRAIN
8,3,APOCRINE,CAPONIER,PROCAINE
8,3,ARCADING,CARANGID,CARDIGAN
8,3,ARCHINGS,CHAGRINS,CRASHING
8,3,AROINTED,ORDINATE,RATIONED
8,3,ARTICLES,RECITALS,STERICAL
8,3,ASPIRATE,PARASITE,SEPTARIA
8,3,ASSAILER,REASSAIL,SALARIES
8,3,ASSENTED,SENSATED,STANDEES
8,3,ASSENTER,EARNESTS,SARSENET
8,3,ASSIGNER,REASSIGN,SERINGAS
8,3,ASSIGNOR,SIGNORAS,SOARINGS
8,3,ASTERISM,MISRATES,SMARTIES
8,3,ATTENDER,NATTERED,RATTENED
8,3,ATTUNING,NUTATING,TAUNTING
8,3,AUNTLIER,RETINULA,TENURIAL
8,3,AVERTING,GRIEVANT,VINTAGER
8,3,BABBLERS,BLABBERS,BRABBLES
8,3,BALMIEST,BIMETALS,TIMBALES
8,3,BASTILES,BLASTIES,STABILES
8,3,BATTLERS,BLATTERS,BRATTLES
8,3,BECHARMS,BRECHAMS,CHAMBERS
8,3,BERATING,REBATING,TABERING
8,3,BESTOWAL,STOWABLE,TEABOWLS
8,3,BLOATERS,SORTABLE,STORABLE
8,3,BOLTONIA,LOBATION,OBLATION
8,3,BOTANIES,BOTANISE,OBEISANT
8,3,BOUNDERS,REBOUNDS,SUBORNED
8,3,CACKLERS,CLACKERS,CRACKLES
8,3,CALIPERS,REPLICAS,SPIRACLE
8,3,CANULATE,LACUNATE,TENACULA
8,3,CAPELINS,PANICLES,PELICANS
8,3,CARDITIS,TRIACIDS,TRIADICS
8,3,CARPINGS,SCARPING,SCRAPING
8,3,CASHMERE,MACHREES,MARCHESE
8,3,CAVILERS,CLAVIERS,VISCERAL
8,3,CENTAURS,RECUSANT,UNCRATES
8,3,CENTERED,DECENTER,DECENTRE
8,3,CERUSITE,CUTESIER,EUCRITES
8,3,CHANTERS,SNATCHER,STANCHER
8,3,CHAPITER,PATCHIER,PHREATIC
8,3,CHASTENS,SNATCHES,STANCHES
8,3,CHELATOR,CHLORATE,TROCHLEA
8,3,CHOREGUS,COUGHERS,GROUCHES
8,3,CITRATED,TETRACID,TETRADIC
8,3,CITRATES,CRISTATE,SCATTIER
8,3,CITRINES,CRINITES,INCITERS
8,3,CITRUSES,CURTSIES,RICTUSES
8,3,CLAIMERS,MIRACLES,RECLAIMS
8,3,CLASPERS,RECLASPS,SCALPERS
8,3,CLEANERS,CLEANSER,RECLEANS
8,3,CLEVISES,VESICLES,VICELESS
8,3,CLOISTER,COISTREL,COSTLIER
8,3,CLONUSES,COUNSELS,UNCLOSES
8,3,CLOTURES,CLOUTERS,COULTERS
8,3,CODERIVE,DIVORCEE,REVOICED
8,3,CODLINGS,LINGCODS,SCOLDING
8,3,COLONIES,COLONISE,ECLOSION
8,3,COLPITIS,POLITICS,PSILOTIC
8,3,COMEDIAN,DAEMONIC,DEMONIAC
8,3,COMPILES,COMPLIES,POLEMICS
8,3,CONCISER,CORNICES,CROCEINS
8,3,CONDUITS,DISCOUNT,NOCTUIDS
8,3,CONIDIUM,MUCINOID,ONCIDIUM
8,3,CORKIEST,ROCKIEST,STOCKIER
8,3,CORSETED,ESCORTED,SECTORED
8,3,CORSLETS,COSTRELS,CROSSLET
8,3,CRITTERS,RESTRICT,STRICTER
8,3,CUPRITES,PICTURES,PIECRUST
8,3,CUTLINES,LINECUTS,TUNICLES
8,3,DAKERHEN,HANKERED,HARKENED
8,3,DATELINE,ENTAILED,LINEATED
8,3,DAUNTERS,TRANSUDE,UNTREADS
8,3,DEALINGS,LEADINGS,SIGNALED
8,3,DEANSHIP,HEADPINS,PINHEADS
8,3,DECIMALS,DECLAIMS,MEDICALS
8,3,DECLINES,LICENSED,SILENCED
8,3,DECREPIT,DEPICTER,PRECITED
8,3,DECRIALS,RADICELS,RADICLES
8,3,DEFEATER,FEDERATE,REDEFEAT
8,3,DEFLOWER,FLOWERED,REFLOWED
8,3,DEFOREST,FORESTED,FOSTERED
8,3,DEGRADER,REGARDED,REGRADED
8,3,DELATORS,LEOTARDS,LODESTAR
8,3,DELUSION,INSOULED,UNSOILED
8,3,DELUSTER,LUSTERED,RESULTED
8,3,DENARIUS,UNRAISED,URANIDES
8,3,DENATURE,UNDERATE,UNDEREAT
8,3,DERAIGNS,GRADINES,READINGS
8,3,DERANGES,GRANDEES,GRENADES
8,3,DERISION,IRONSIDE,RESINOID
8,3,DESERTIC,DISCREET,DISCRETE
8,3,DESERVER,RESERVED,REVERSED
8,3,DESIRING,RESIDING,RINGSIDE
8,3,DESPISER,DISPERSE,PRESIDES
8,3,DETAILER,ELATERID,RETAILED
8,3,DEVISERS,DISSERVE,DISSEVER
8,3,DIASTERS,DISASTER,DISRATES
8,3,DIASTOLE,ISOLATED,SODALITE
8,3,DIESTRUS,STUDIERS,STURDIES
8,3,DILUENTS,INSULTED,UNLISTED
8,3,DISINTER,INDITERS,NITRIDES
8,3,DISUNITE,NUDITIES,UNTIDIES
8,3,DIURESES,REISSUED,RESIDUES
8,3,DONATORS,ODORANTS,TORNADOS
8,3,DOORLESS,LORDOSES,ODORLESS
8,3,DOUBTERS,OBTRUDES,REDOUBTS
8,3,DOURNESS,RESOUNDS,SOUNDERS
8,3,DREAMING,MARGINED,MIDRANGE
8,3,DURAMENS,MAUNDERS,SURNAMED
8,3,EAGEREST,ETAGERES,STEERAGE
8,3,EARLSHIP,HARELIPS,PLASHIER
8,3,EARPLUGS,GRAUPELS,PLAGUERS
8,3,EARTHING,HEARTING,INGATHER
8,3,EARTHSET,THEATERS,THEATRES
8,3,EASTINGS,GIANTESS,SEATINGS
8,3,ECLIPSED,PEDICELS,PEDICLES
8,3,EELGRASS,GEARLESS,LARGESSE
8,3,EGLATERE,REGELATE,RELEGATE
8,3,ELATERIN,ENTAILER,TREENAIL
8,3,ELATIONS,INSOLATE,TOENAILS
8,3,ELATIVES,LEAVIEST,VEALIEST
8,3,EMPANELS,EMPLANES,ENSAMPLE
8,3,EMPERIES,EPIMERES,PREEMIES
8,3,ENDOWERS,REENDOWS,WORSENED
8,3,ENERGIES,ENERGISE,RESEEING
8,3,ENGIRDLE,LINGERED,REEDLING
8,3,ENLARGES,GENERALS,GLEANERS
8,3,ENLISTED,LISTENED,TINSELED
8,3,ENSHROUD,HOUNDERS,UNHORSED
8,3,ENSNARES,NEARNESS,RENNASES
8,3,ENTASTIC,NICTATES,TETANICS
8,3,ERECTERS,REERECTS,SECRETER
8,3,EROTISMS,MORTISES,TRISOMES
8,3,ESCOLARS,LACROSSE,SOLACERS
8,3,ESPARTOS,PROTASES,SEAPORTS
8,3,ESTIMATE,MEATIEST,TEATIMES
8,3,ESTREATS,RESTATES,RETASTES
8,3,ESURIENT,RETINUES,REUNITES
8,3,FASTENER,FENESTRA,REFASTEN
8,3,FEALTIES,FETIALES,LEAFIEST
8,3,FEISTIER,FERITIES,FIERIEST
8,3,FERNLESS,FLENSERS,FRESNELS
8,3,FIGHTERS,FREIGHTS,REFIGHTS
8,3,FLOATERS,FORESTAL,REFLOATS
8,3,FORESTER,FOSTERER,REFOREST
8,3,FRENETIC,INFECTER,REINFECT
8,3,GAINLESS,GLASSINE,LEASINGS
8,3,GALENITE,GELATINE,LEGATINE
8,3,GALLATES,GALLETAS,TALLAGES
8,3,GANGLIER,LAGERING,REGALING
8,3,GASOLIER,GIRASOLE,SERAGLIO
8,3,GEARINGS,GREASING,SNAGGIER
8,3,GELATINS,GENITALS,STEALING
8,3,GELDINGS,SLEDGING,SNIGGLED
8,3,GENTILES,SLEETING,STEELING
8,3,GERMINAL,MALIGNER,MALINGER
8,3,GRADIENT,REDATING,TREADING
8,3,GRANTERS,REGRANTS,STRANGER
8,3,GRAPLINS,SPARLING,SPRINGAL
8,3,GREENISH,REHINGES,SHEERING
8,3,GROUNDED,UNDERDOG,UNDERGOD
8,3,HARPINGS,PHRASING,SHARPING
8,3,HASSLING,LASHINGS,SLASHING
8,3,HAUNTERS,UNEARTHS,URETHANS
8,3,HEARINGS,HEARSING,SHEARING
8,3,HELISTOP,HOPLITES,ISOPLETH
8,3,HEMATICS,MASTICHE,MISTEACH
8,3,HEPATICS,PASTICHE,PISTACHE
8,3,HIRSELED,RELISHED,SHIELDER
8,3,HISTAMIN,ISTHMIAN,THIAMINS
8,3,HOISTERS,HORSIEST,SHORTIES
8,3,HORSEMAN,MENORAHS,RHAMNOSE
8,3,HURTLESS,HUSTLERS,RUTHLESS
8,3,IMBRUTES,RESUBMIT,TERBIUMS
8,3,IMPALERS,IMPEARLS,LEMPIRAS
8,3,IMPOSERS,PROMISES,SEMIPROS
8,3,INDENTER,INTENDER,INTERNED
8,3,INDURATE,RUINATED,URINATED
8,3,INFORMER,REINFORM,RENIFORM
8,3,INGROWTH,THROWING,WORTHING
8,3,INSERTED,RESIDENT,SINTERED
8,3,INTERIMS,MINISTER,MISINTER
8,3,IRONINGS,NIGROSIN,ROSINING
8,3,ISOTHERE,THEORIES,THEORISE
8,3,LACTEOUS,LOCUSTAE,OSCULATE
8,3,LANGUISH,NILGHAUS,SHAULING
8,3,LARKIEST,STALKIER,STARLIKE
8,3,LAYERING,RELAYING,YEARLING
8,3,LEASABLE,SALEABLE,SEALABLE
8,3,LEERIEST,SLEETIER,STEELIER
8,3,LICENSER,RECLINES,SILENCER
8,3,LICKINGS,SICKLING,SLICKING
8,3,LIGAMENT,METALING,TEGMINAL
8,3,LIGHTERS,RELIGHTS,SLIGHTER
8,3,LIGROINE,RELIGION,REOILING
8,3,MAGNETOS,MEGATONS,MONTAGES
8,3,MAINTOPS,PTOMAINS,TAMPIONS
8,3,MALTIEST,METALIST,SMALTITE
8,3,MANTISSA,SATANISM,STAMINAS
8,3,MARLINES,MINERALS,MISLEARN
8,3,MASSETER,SEAMSTER,STEAMERS
8,3,MATELESS,MEATLESS,TAMELESS
8,3,MATTRESS,SMARTEST,SMATTERS
8,3,MERISTIC,SCIMITER,TRISEMIC
8,3,MERITING,MITERING,RETIMING
8,3,MODELERS,MORSELED,REMODELS
8,3,MOORIEST,MOTORISE,ROOMIEST
8,3,MOORWORT,TOMORROW,WORMROOT
8,3,NERVIEST,REINVEST,SIRVENTE
8,3,NORTHING,THORNING,THRONING
8,3,OPERANDS,PADRONES,PANDORES
8,3,OUTDARES,OUTREADS,READOUTS
8,3,OUTPRESS,POSTURES,SPOUTERS
8,3,OUTSWARE,OUTSWEAR,OUTWEARS
8,3,OUTTAKES,STAKEOUT,TAKEOUTS
8,3,OVERLIES,RELIEVOS,VOLERIES
8,3,PANELIST,PANTILES,PLAINEST
8,3,PAPERERS,PREPARES,REPAPERS
8,3,PASTURED,UPDATERS,UPSTARED
8,3,PATTERNS,TRANSEPT,TRAPNEST
8,3,PEELINGS,SLEEPING,SPEELING
8,3,PENDULAR,UNDERLAP,UPLANDER
8,3,PERIGONS,REPOSING,SPONGIER
8,3,PERVIOUS,PREVIOUS,VIPEROUS
8,3,PEYTRALS,PLASTERY,PSALTERY
8,3,PHAETONS,PHONATES,STANHOPE
8,3,PIERCERS,PRECISER,REPRICES
8,3,PIETISTS,STIPITES,TIPSIEST
8,3,PILASTER,PLAISTER,PLAITERS
8,3,PLEATERS,PRELATES,REPLATES
8,3,POINTERS,PROTEINS,TROPINES
8,3,POISONER,SNOOPIER,SPOONIER
8,3,PORTIONS,POSITRON,SORPTION
8,3,POSTURED,PROUDEST,SPROUTED
8,3,PRESELLS,RESPELLS,SPELLERS
8,3,PRESIDER,REPRISED,RESPIRED
8,3,PRETEENS,PRETENSE,TERPENES
8,3,PRIMEROS,PRIMROSE,PROMISER
8,3,PRINTERS,REPRINTS,SPRINTER
8,3,PRISERES,REPRISES,RESPIRES
8,3,RATTIEST,TITRATES,TRISTATE
8,3,RAVELERS,REVERSAL,SLAVERER
8,3,REACHERS,RESEARCH,SEARCHER
8,3,READIEST,SERIATED,STEADIER
8,3,REALISED,RESAILED,SIDEREAL
8,3,REALISTS,SALTIERS,SALTIRES
8,3,RECUSING,RESCUING,SECURING
8,3,REDRAWER,REREWARD,REWARDER
8,3,RESERVER,REVERERS,REVERSER
8,3,RESISTOR,ROISTERS,SORRIEST
8,3,RESMELTS,SMELTERS,TERMLESS
8,3,RESORTER,RESTORER,RETRORSE
8,3,RINGLETS,STERLING,TINGLERS
8,3,RIPPLETS,STIPPLER,TIPPLERS
8,3,RIPTIDES,SPIRITED,TIDERIPS
8,3,ROUNDEST,TONSURED,UNSORTED
8,3,ROUSTERS,TRESSOUR,TROUSERS
8,3,SALLYING,SIGNALLY,SLANGILY
8,3,SETTLERS,STERLETS,TRESTLES
8,3,SKIRRETS,SKIRTERS,STRIKERS
8,3,SPURRIES,SURPRISE,UPRISERS
8,3,STACCATO,STOCCATA,TOCCATAS
8,3,STUMBLER,TUMBLERS,TUMBRELS
8,3,SWEATIER,WASTERIE,WEARIEST
8,3,SWINDLES,WILDNESS,WINDLESS
8,3,TANTARAS,TARANTAS,TARTANAS
8,3,TERMINUS,UNMITERS,UNMITRES
8,3,THICKEST,THICKETS,THICKSET
8,3,TRAVOISE,VIATORES,VOTARIES
8,3,UNCRATED,UNDERACT,UNTRACED
8,3,UNDERSEA,UNERASED,UNSEARED
8,3,WAISTERS,WAITRESS,WASTRIES
8,3,WARSTLES,WASTRELS,WRASTLES
9,5,CENTIARES,CISTERNAE,CREATINES,ITERANCES,NECTARIES
9,4,BARITONES,OBTAINERS,REOBTAINS,TABORINES
9,4,CRATERING,RECRATING,RETRACING,TERRACING
9,4,DANGERING,DERANGING,GANDERING,GARDENING
9,4,ELATERINS,ENTAILERS,NEARLIEST,TREENAILS
9,3,ALGERINES,RELEASING,RESEALING
9,3,ALTERANTS,TARLETANS,TRANSLATE
9,3,ALTRUISMS,MURALISTS,ULTRAISMS
9,3,ARCADINGS,CARANGIDS,CARDIGANS
9,3,ARSENITES,RESINATES,STEARINES
9,3,ASCERTAIN,CRANIATES,SECTARIAN
9,3,ASHLERING,NARGHILES,NARGILEHS
9,3,ASPERSING,PREASSIGN,REPASSING
9,3,ASPIRATES,PARASITES,SATRAPIES
9,3,ASSERTING,ASTRINGES,GANISTERS
9,3,ASSERTORS,ASSORTERS,REASSORTS
9,3,AUCTIONED,CAUTIONED,EDUCATION
9,3,BEASTLIER,BLEARIEST,LIBERATES
9,3,BOLTONIAS,LOBATIONS,OBLATIONS
9,3,BURBLIEST,RUBBLIEST,STUBBLIER
9,3,CALVARIES,CAVALIERS,CAVALRIES
9,3,CANDIDEST,DISCANTED,DISTANCED
9,3,CANOEISTS,CESSATION,SONICATES
9,3,CATTINESS,SCANTIEST,TACITNESS
9,3,CERAMISTS,MISTRACES,SCIMETARS
9,3,CERUSITES,CURTESIES,ICTERUSES
9,3,CHELATORS,CHLORATES,TROCHLEAS
9,3,CHORISTER,RHETORICS,TORCHIERS
9,3,CLEVEITES,ELECTIVES,SELECTIVE
9,3,CORSETING,ESCORTING,SECTORING
9,3,CRUELTIES,CUTLERIES,RETICULES
9,3,DEBRUISES,RUDESBIES,SUBERISED
9,3,DEFEATERS,FEDERATES,REDEFEATS
9,3,DENATURES,SAUNTERED,UNDEREATS
9,3,DERISIONS,IRONSIDES,RESINOIDS
9,3,DETHRONES,SHORTENED,THRENODES
9,3,DISHONEST,HEDONISTS,STONISHED
9,3,EGLATERES,REGELATES,RELEGATES
9,3,EMIGRANTS,MASTERING,STREAMING
9,3,ENLISTERS,LISTENERS,REENLISTS
9,3,ENLISTING,LISTENING,TINSELING
9,3,EPHEDRINS,INSPHERED,PHRENSIED
9,3,ERECTIONS,NEOTERICS,SECRETION
9,3,ESTRANGES,GREATNESS,SERGEANTS
9,3,FORESTERS,FOSTERERS,REFORESTS
9,3,FRENETICS,INFECTERS,REINFECTS
9,3,FRIENDING,INFRINGED,REFINDING
9,3,GALENITES,GELATINES,TEASELING
9,3,GASOLIERS,GIRASOLES,SERAGLIOS
9,3,GENTRICES,RESECTING,SECRETING
9,3,GHASTLIER,LITHARGES,THIRLAGES
9,3,GNARLIEST,INTEGRALS,TRIANGLES
9,3,GRANDIOSE,ORGANDIES,ORGANISED
9,3,GRAPLINES,RELAPSING,SPANGLIER
9,3,HIRELINGS,HIRSELING,RELISHING
9,3,IMPINGERS,PREMISING,SIMPERING
9,3,INCISURES,RICINUSES,SCIURINES
9,3,INSETTERS,INTERESTS,STERNITES
9,3,INTAGLIOS,ISOLATING,LIGATIONS
9,3,LATERITES,LITERATES,STATELIER
9,3,LEVIRATES,RELATIVES,VERSATILE
9,3,LOCALITES,OSCILLATE,TEOCALLIS
9,3,MATESHIPS,SHIPMATES,STEAMSHIP
9,3,MESTINOES,MONETISES,SEMITONES
9,3,MOORWORTS,TOMORROWS,WORMROOTS
9,3,MUTILATES,STIMULATE,ULTIMATES
9,3,PILASTERS,PLAISTERS,PSALTRIES
9,3,PRENTICES,PRESCIENT,REINSPECT
9,3,PROTEIDES,REDEPOSIT,REPOSITED
9,3,REDRAWERS,REREWARDS,REWARDERS
9,3,REMITTERS,TRIMESTER,TRIMETERS
9,3,REPRISING,RESPIRING,SPRINGIER
9,3,RESILVERS,SILVERERS,SLIVERERS
9,3,SLANGIEST,STEALINGS,TASSELING
10,3,EVILNESSES,LIVENESSES,VILENESSES